SCHOOL,GENDER,EXAM_YEAR,SUB-COUNTY,COUNTY,GRADE
Malele_Mixed,MALE,2024,Wagai,siaya,B+
Malele_Mixed,MALE,2024,Wagai,siaya,A
Malele_Mixed,MALE,2024,Wagai,siaya,C-
Malele_Mixed,MALE,2024,Wagai,siaya,B-
Malele_Mixed,FEMALE,2024,Wagai,siaya,D+
Malele_Mixed,FEMALE,2024,Wagai,siaya,C
Malele_Mixed,MALE,2024,Wagai,siaya,D
Malele_Mixed,FEMALE,2024,Wagai,siaya,D+
Malele_Mixed,MALE,2024,Wagai,siaya,D+
Malele_Mixed,FEMALE,2024,Wagai,siaya,C-
Malele_Mixed,FEMALE,2024,Wagai,siaya,D
Malele_Mixed,FEMALE,2024,Wagai,siaya,D+
Malele_Mixed,FEMALE,2024,Wagai,siaya,D-
Malele_Mixed,MALE,2024,Wagai,siaya,D
Malele_Mixed,MALE,2024,Wagai,siaya,C
Malele_Mixed,MALE,2024,Wagai,siaya,D
Malele_Mixed,FEMALE,2024,Wagai,siaya,D+
Malele_Mixed,FEMALE,2024,Wagai,siaya,D-
Malele_Mixed,FEMALE,2024,Wagai,siaya,D-
Malele_Mixed,FEMALE,2024,Wagai,siaya,D+
Malele_Mixed,MALE,2024,Wagai,siaya,D-
Malele_Mixed,MALE,2024,Wagai,siaya,D+
Malele_Mixed,MALE,2024,Wagai,siaya,A-
Malele_Mixed,MALE,2024,Wagai,siaya,D
Malele_Mixed,FEMALE,2024,Wagai,siaya,D
Malele_Mixed,FEMALE,2024,Wagai,siaya,D
Malele_Mixed,FEMALE,2024,Wagai,siaya,D
Malele_Mixed,MALE,2024,Wagai,siaya,C-
Malele_Mixed,MALE,2024,Wagai,siaya,D
Malele_Mixed,MALE,2024,Wagai,siaya,C-
Malele_Mixed,FEMALE,2024,Wagai,siaya,D+
Malele_Mixed,MALE,2024,Wagai,siaya,C+
Malele_Mixed,FEMALE,2024,Wagai,siaya,D-
Malele_Mixed,MALE,2024,Wagai,siaya,D-
Malele_Mixed,FEMALE,2024,Wagai,siaya,D-
Malele_Mixed,MALE,2024,Wagai,siaya,D-
Malele_Mixed,MALE,2024,Wagai,siaya,D+
Malele_Mixed,MALE,2024,Wagai,siaya,C-
Malele_Mixed,FEMALE,2024,Wagai,siaya,D
Malele_Mixed,MALE,2024,Wagai,siaya,D
Malele_Mixed,MALE,2024,Wagai,siaya,D
Malele_Mixed,FEMALE,2024,Wagai,siaya,D-
Malele_Mixed,FEMALE,2024,Wagai,siaya,E
Malele_Mixed,MALE,2024,Wagai,siaya,D
Malele_Mixed,FEMALE,2024,Wagai,siaya,D-
Malele_Mixed,FEMALE,2024,Wagai,siaya,D-
Malele_Mixed,FEMALE,2024,Wagai,siaya,D-
Malele_Mixed,FEMALE,2024,Wagai,siaya,D-
Malele_Mixed,MALE,2024,Wagai,siaya,D-
Malele_Mixed,FEMALE,2024,Wagai,siaya,D-
Malele_Mixed,FEMALE,2024,Wagai,siaya,D-
Malele_Mixed,MALE,2024,Wagai,siaya,D-
Malele_Mixed,MALE,2024,Wagai,siaya,D-
Malele_Mixed,FEMALE,2024,Wagai,siaya,D-
Malele_Mixed,FEMALE,2024,Wagai,siaya,D-
Malele_Mixed,FEMALE,2024,Wagai,siaya,E
Malele_Mixed,MALE,2024,Wagai,siaya,E
Malele_Mixed,FEMALE,2024,Wagai,siaya,E
Malele_Mixed,MALE,2024,Wagai,siaya,D-
Malele_Mixed,FEMALE,2024,Wagai,siaya,D-
Malele_Mixed,FEMALE,2024,Wagai,siaya,D
Malele_Mixed,MALE,2024,Wagai,siaya,E
Malele_Mixed,FEMALE,2024,Wagai,siaya,E
Malele_Mixed,FEMALE,2024,Wagai,siaya,D-
Malele_Mixed,MALE,2024,Wagai,siaya,D
Malele_Mixed,MALE,2024,Wagai,siaya,D-
Malele_Mixed,MALE,2024,Wagai,siaya,D-
Malele_Mixed,MALE,2024,Wagai,siaya,E
Malele_Mixed,FEMALE,2024,Wagai,siaya,E
Malele_Mixed,MALE,2024,Wagai,siaya,D
Malele_Mixed,FEMALE,2024,Wagai,siaya,D
Malele_Mixed,MALE,2024,Wagai,siaya,E
Malele_Mixed,FEMALE,2024,Wagai,siaya,E
Malele_Mixed,MALE,2024,Wagai,siaya,D
Malele_Mixed,MALE,2024,Wagai,siaya,E
Malele_Mixed,FEMALE,2024,Wagai,siaya,D
Malele_Mixed,MALE,2024,Wagai,siaya,E
Malele_Mixed,FEMALE,2024,Wagai,siaya,E
Malele_Mixed,FEMALE,2024,Wagai,siaya,E
Malele_Mixed,MALE,2024,Wagai,siaya,D-
Malele_Mixed,FEMALE,2024,Wagai,siaya,E
Malele_Mixed,FEMALE,2024,Wagai,siaya,E
Malele_Mixed,MALE,2024,Wagai,siaya,D
Malele_Mixed,FEMALE,2024,Wagai,siaya,D-
Malele_Mixed,MALE,2024,Wagai,siaya,D-
Malele_Mixed,FEMALE,2024,Wagai,siaya,E
Malele_Mixed,FEMALE,2024,Wagai,siaya,E
Malele_Mixed,FEMALE,2024,Wagai,siaya,E
Malele_Mixed,MALE,2024,Wagai,siaya,D-
Malele_Mixed,FEMALE,2024,Wagai,siaya,D+
Malele_Mixed,FEMALE,2024,Wagai,siaya,E
Malele_Mixed,MALE,2024,Wagai,siaya,E
Malele_Mixed,MALE,2024,Wagai,siaya,D
Malele_Mixed,MALE,2024,Wagai,siaya,D
Malele_Mixed,FEMALE,2024,Wagai,siaya,E
Malele_Mixed,FEMALE,2024,Wagai,siaya,D-
Malele_Mixed,FEMALE,2024,Wagai,siaya,D-
Malele_Mixed,FEMALE,2024,Wagai,siaya,E
Malele_Mixed,FEMALE,2024,Wagai,siaya,E
Malele_Mixed,FEMALE,2024,Wagai,siaya,E
Malele_Mixed,FEMALE,2024,Wagai,siaya,E
Malele_Mixed,FEMALE,2024,Wagai,siaya,E
Malele_Mixed,FEMALE,2024,Wagai,siaya,E
Malele_Mixed,FEMALE,2024,Wagai,siaya,D-
Malele_Mixed,FEMALE,2024,Wagai,siaya,E
Malele_Mixed,FEMALE,2024,Wagai,siaya,E
Malele_Mixed,MALE,2024,Wagai,siaya,D-
Malele_Mixed,FEMALE,2024,Wagai,siaya,E
Malele_Mixed,FEMALE,2024,Wagai,siaya,D-
Malele_Mixed,FEMALE,2024,Wagai,siaya,E
Malele_Mixed,MALE,2023,Wagai,siaya,A
Malele_Mixed,MALE,2023,Wagai,siaya,B+
Malele_Mixed,MALE,2023,Wagai,siaya,D+
Malele_Mixed,MALE,2023,Wagai,siaya,C+
Malele_Mixed,MALE,2023,Wagai,siaya,B-
Malele_Mixed,MALE,2023,Wagai,siaya,D
Malele_Mixed,FEMALE,2023,Wagai,siaya,D
Malele_Mixed,MALE,2023,Wagai,siaya,D-
Malele_Mixed,FEMALE,2023,Wagai,siaya,D-
Malele_Mixed,MALE,2023,Wagai,siaya,B-
Malele_Mixed,MALE,2023,Wagai,siaya,D
Malele_Mixed,FEMALE,2023,Wagai,siaya,D-
Malele_Mixed,FEMALE,2023,Wagai,siaya,D
Malele_Mixed,FEMALE,2023,Wagai,siaya,D+
Malele_Mixed,MALE,2023,Wagai,siaya,D
Malele_Mixed,MALE,2023,Wagai,siaya,D
Malele_Mixed,FEMALE,2023,Wagai,siaya,D-
Malele_Mixed,MALE,2023,Wagai,siaya,D
Malele_Mixed,MALE,2023,Wagai,siaya,E
Malele_Mixed,MALE,2023,Wagai,siaya,D+
Malele_Mixed,MALE,2023,Wagai,siaya,D
Malele_Mixed,FEMALE,2023,Wagai,siaya,D-
Malele_Mixed,MALE,2023,Wagai,siaya,D
Malele_Mixed,FEMALE,2023,Wagai,siaya,E
Malele_Mixed,FEMALE,2023,Wagai,siaya,D-
Malele_Mixed,FEMALE,2023,Wagai,siaya,D-
Malele_Mixed,MALE,2023,Wagai,siaya,D+
Malele_Mixed,FEMALE,2023,Wagai,siaya,C-
Malele_Mixed,FEMALE,2023,Wagai,siaya,D-
Malele_Mixed,MALE,2023,Wagai,siaya,E
Malele_Mixed,MALE,2023,Wagai,siaya,D-
Malele_Mixed,MALE,2023,Wagai,siaya,D-
Malele_Mixed,FEMALE,2023,Wagai,siaya,D-
Malele_Mixed,MALE,2023,Wagai,siaya,E
Malele_Mixed,MALE,2023,Wagai,siaya,D-
Malele_Mixed,MALE,2023,Wagai,siaya,D
Malele_Mixed,FEMALE,2023,Wagai,siaya,D-
Malele_Mixed,MALE,2023,Wagai,siaya,D
Malele_Mixed,FEMALE,2023,Wagai,siaya,E
Malele_Mixed,FEMALE,2023,Wagai,siaya,D+
Malele_Mixed,FEMALE,2023,Wagai,siaya,E
Malele_Mixed,FEMALE,2023,Wagai,siaya,E
Malele_Mixed,MALE,2023,Wagai,siaya,E
Malele_Mixed,FEMALE,2023,Wagai,siaya,E
Malele_Mixed,MALE,2023,Wagai,siaya,D
Malele_Mixed,MALE,2023,Wagai,siaya,E
Malele_Mixed,MALE,2023,Wagai,siaya,D-
Malele_Mixed,FEMALE,2023,Wagai,siaya,E
Malele_Mixed,MALE,2023,Wagai,siaya,E
Malele_Mixed,FEMALE,2023,Wagai,siaya,D-
Malele_Mixed,FEMALE,2023,Wagai,siaya,E
Malele_Mixed,FEMALE,2023,Wagai,siaya,E
Malele_Mixed,FEMALE,2023,Wagai,siaya,E
Malele_Mixed,FEMALE,2023,Wagai,siaya,E
Malele_Mixed,MALE,2023,Wagai,siaya,D-
Malele_Mixed,MALE,2023,Wagai,siaya,E
Malele_Mixed,FEMALE,2023,Wagai,siaya,E
Malele_Mixed,FEMALE,2023,Wagai,siaya,E
Malele_Mixed,FEMALE,2023,Wagai,siaya,E
Malele_Mixed,MALE,2023,Wagai,siaya,E
Malele_Mixed,MALE,2023,Wagai,siaya,E
Malele_Mixed,FEMALE,2023,Wagai,siaya,E
Malele_Mixed,MALE,2023,Wagai,siaya,E
Malele_Mixed,FEMALE,2023,Wagai,siaya,E
Malele_Mixed,FEMALE,2023,Wagai,siaya,E
Malele_Mixed,MALE,2023,Wagai,siaya,E
Malele_Mixed,FEMALE,2023,Wagai,siaya,E
Malele_Mixed,FEMALE,2023,Wagai,siaya,E
Malele_Mixed,FEMALE,2023,Wagai,siaya,E
Malele_Mixed,FEMALE,2023,Wagai,siaya,E
Malele_Mixed,MALE,2023,Wagai,siaya,E
Malele_Mixed,MALE,2023,Wagai,siaya,E
Malele_Mixed,MALE,2023,Wagai,siaya,E
Malele_Mixed,FEMALE,2023,Wagai,siaya,E
Malele_Mixed,FEMALE,2023,Wagai,siaya,E
Malele_Mixed,MALE,2023,Wagai,siaya,E
Malele_Mixed,MALE,2023,Wagai,siaya,E
Malele_Mixed,MALE,2023,Wagai,siaya,E
Malele_Mixed,MALE,2023,Wagai,siaya,E
Malele_Mixed,FEMALE,2023,Wagai,siaya,E
Malele_Mixed,FEMALE,2023,Wagai,siaya,E
Malele_Mixed,MALE,2023,Wagai,siaya,E
Malele_Mixed,MALE,2023,Wagai,siaya,E
Malele_Mixed,FEMALE,2023,Wagai,siaya,E
Malele_Mixed,FEMALE,2023,Wagai,siaya,E
Malele_Mixed,FEMALE,2023,Wagai,siaya,E
Malele_Mixed,FEMALE,2023,Wagai,siaya,E
Malele_Mixed,MALE,2023,Wagai,siaya,E
Malele_Mixed,FEMALE,2023,Wagai,siaya,E
Malele_Mixed,MALE,2023,Wagai,siaya,E
Malele_Mixed,MALE,2023,Wagai,siaya,E
Malele_Mixed,FEMALE,2023,Wagai,siaya,E
Malele_Mixed,MALE,2023,Wagai,siaya,E
Malele_Mixed,MALE,2023,Wagai,siaya,E
Malele_Mixed,FEMALE,2023,Wagai,siaya,E
Malele_Mixed,MALE,2023,Wagai,siaya,E
Malele_Mixed,MALE,2022,Wagai,siaya,C+
Malele_Mixed,MALE,2022,Wagai,siaya,C
Malele_Mixed,FEMALE,2022,Wagai,siaya,D
Malele_Mixed,FEMALE,2022,Wagai,siaya,D
Malele_Mixed,FEMALE,2022,Wagai,siaya,D
Malele_Mixed,FEMALE,2022,Wagai,siaya,D-
Malele_Mixed,MALE,2022,Wagai,siaya,D+
Malele_Mixed,MALE,2022,Wagai,siaya,D-
Malele_Mixed,MALE,2022,Wagai,siaya,D
Malele_Mixed,MALE,2022,Wagai,siaya,C-
Malele_Mixed,MALE,2022,Wagai,siaya,D-
Malele_Mixed,FEMALE,2022,Wagai,siaya,D
Malele_Mixed,FEMALE,2022,Wagai,siaya,D-
Malele_Mixed,MALE,2022,Wagai,siaya,D-
Malele_Mixed,MALE,2022,Wagai,siaya,D
Malele_Mixed,FEMALE,2022,Wagai,siaya,D+
Malele_Mixed,MALE,2022,Wagai,siaya,D
Malele_Mixed,MALE,2022,Wagai,siaya,E
Malele_Mixed,MALE,2022,Wagai,siaya,E
Malele_Mixed,FEMALE,2022,Wagai,siaya,D-
Malele_Mixed,MALE,2022,Wagai,siaya,C-
Malele_Mixed,FEMALE,2022,Wagai,siaya,D
Malele_Mixed,MALE,2022,Wagai,siaya,D
Malele_Mixed,MALE,2022,Wagai,siaya,E
Malele_Mixed,MALE,2022,Wagai,siaya,D-
Malele_Mixed,FEMALE,2022,Wagai,siaya,E
Malele_Mixed,MALE,2022,Wagai,siaya,C-
Malele_Mixed,FEMALE,2022,Wagai,siaya,E
Malele_Mixed,MALE,2022,Wagai,siaya,D-
Malele_Mixed,MALE,2022,Wagai,siaya,E
Malele_Mixed,MALE,2022,Wagai,siaya,E
Malele_Mixed,MALE,2022,Wagai,siaya,D
Malele_Mixed,MALE,2022,Wagai,siaya,D
Malele_Mixed,MALE,2022,Wagai,siaya,D-
Malele_Mixed,FEMALE,2022,Wagai,siaya,E
Malele_Mixed,MALE,2022,Wagai,siaya,D-
Malele_Mixed,MALE,2022,Wagai,siaya,D
Malele_Mixed,MALE,2022,Wagai,siaya,E
Malele_Mixed,FEMALE,2022,Wagai,siaya,E
Malele_Mixed,MALE,2022,Wagai,siaya,D-
Malele_Mixed,MALE,2022,Wagai,siaya,E
Malele_Mixed,MALE,2022,Wagai,siaya,D-
Malele_Mixed,FEMALE,2022,Wagai,siaya,E
Malele_Mixed,MALE,2022,Wagai,siaya,D
Malele_Mixed,MALE,2022,Wagai,siaya,E
Malele_Mixed,FEMALE,2022,Wagai,siaya,D-
Malele_Mixed,MALE,2022,Wagai,siaya,D-
Malele_Mixed,FEMALE,2022,Wagai,siaya,D-
Malele_Mixed,MALE,2022,Wagai,siaya,E
Malele_Mixed,MALE,2022,Wagai,siaya,E
Malele_Mixed,FEMALE,2022,Wagai,siaya,D
Malele_Mixed,FEMALE,2022,Wagai,siaya,E
Malele_Mixed,MALE,2022,Wagai,siaya,E
Malele_Mixed,MALE,2022,Wagai,siaya,E
Malele_Mixed,MALE,2022,Wagai,siaya,E
Malele_Mixed,FEMALE,2022,Wagai,siaya,D-
Malele_Mixed,FEMALE,2022,Wagai,siaya,E
Malele_Mixed,MALE,2022,Wagai,siaya,D-
Malele_Mixed,MALE,2022,Wagai,siaya,D-
Malele_Mixed,MALE,2022,Wagai,siaya,E
Malele_Mixed,FEMALE,2022,Wagai,siaya,E
Malele_Mixed,MALE,2022,Wagai,siaya,E
Malele_Mixed,FEMALE,2022,Wagai,siaya,E
Malele_Mixed,MALE,2022,Wagai,siaya,D
Malele_Mixed,FEMALE,2022,Wagai,siaya,E
Malele_Mixed,MALE,2022,Wagai,siaya,E
Malele_Mixed,MALE,2022,Wagai,siaya,E
Malele_Mixed,MALE,2022,Wagai,siaya,D-
Malele_Mixed,FEMALE,2022,Wagai,siaya,E
Malele_Mixed,MALE,2022,Wagai,siaya,E
Malele_Mixed,FEMALE,2022,Wagai,siaya,E
Malele_Mixed,MALE,2022,Wagai,siaya,E
Malele_Mixed,FEMALE,2022,Wagai,siaya,E
Malele_Mixed,MALE,2022,Wagai,siaya,E
Malele_Mixed,FEMALE,2022,Wagai,siaya,E
Malele_Mixed,FEMALE,2022,Wagai,siaya,E
Malele_Mixed,MALE,2022,Wagai,siaya,E
Malele_Mixed,FEMALE,2022,Wagai,siaya,E
Malele_Mixed,MALE,2022,Wagai,siaya,E
Malele_Mixed,MALE,2022,Wagai,siaya,E
Malele_Mixed,MALE,2022,Wagai,siaya,E
Malele_Mixed,FEMALE,2022,Wagai,siaya,D-
Malele_Mixed,MALE,2022,Wagai,siaya,E
Malele_Mixed,FEMALE,2022,Wagai,siaya,D-
Malele_Mixed,FEMALE,2022,Wagai,siaya,E
Malele_Mixed,FEMALE,2022,Wagai,siaya,E
Malele_Mixed,MALE,2022,Wagai,siaya,E
Malele_Mixed,FEMALE,2022,Wagai,siaya,E
Malele_Mixed,MALE,2022,Wagai,siaya,E
Malele_Mixed,MALE,2022,Wagai,siaya,E
Malele_Mixed,FEMALE,2022,Wagai,siaya,E
Malele_Mixed,MALE,2022,Wagai,siaya,D-
Malele_Mixed,FEMALE,2022,Wagai,siaya,E
Malele_Mixed,MALE,2022,Wagai,siaya,E
Malele_Mixed,FEMALE,2022,Wagai,siaya,E
Malele_Mixed,FEMALE,2022,Wagai,siaya,E
Malele_Mixed,FEMALE,2022,Wagai,siaya,E
Malele_Mixed,MALE,2022,Wagai,siaya,E
Malele_Mixed,FEMALE,2022,Wagai,siaya,E
Malele_Mixed,FEMALE,2022,Wagai,siaya,E
Malele_Mixed,FEMALE,2022,Wagai,siaya,D-
Malele_Mixed,FEMALE,2022,Wagai,siaya,E
Malele_Mixed,MALE,2022,Wagai,siaya,E
Malele_Mixed,MALE,2022,Wagai,siaya,E
Malele_Mixed,MALE,2022,Wagai,siaya,E
Malele_Mixed,MALE,2022,Wagai,siaya,E
Malele_Mixed,MALE,2022,Wagai,siaya,E
Malele_Mixed,MALE,2022,Wagai,siaya,E
Malele_Mixed,FEMALE,2022,Wagai,siaya,E
Malele_Mixed,MALE,2022,Wagai,siaya,E
Malele_Mixed,MALE,2022,Wagai,siaya,E
Malele_Mixed,MALE,2022,Wagai,siaya,E
Malele_Mixed,FEMALE,2022,Wagai,siaya,E
Malele_Mixed,FEMALE,2022,Wagai,siaya,E
Malele_Mixed,FEMALE,2022,Wagai,siaya,E
Malele_Mixed,FEMALE,2022,Wagai,siaya,E
Malele_Mixed,FEMALE,2022,Wagai,siaya,E
Malele_Mixed,FEMALE,2022,Wagai,siaya,E
Malele_Mixed,MALE,2022,Wagai,siaya,E
Malele_Mixed,FEMALE,2022,Wagai,siaya,E
Malele_Mixed,MALE,2022,Wagai,siaya,E
Malele_Mixed,FEMALE,2022,Wagai,siaya,E
Malele_Mixed,FEMALE,2022,Wagai,siaya,E
Malele_Mixed,FEMALE,2022,Wagai,siaya,E
Malele_Mixed,MALE,2022,Wagai,siaya,E
Malele_Mixed,MALE,2022,Wagai,siaya,E
Malele_Mixed,FEMALE,2022,Wagai,siaya,E
Malele_Mixed,FEMALE,2022,Wagai,siaya,E
Malele_Mixed,FEMALE,2022,Wagai,siaya,E
Malele_Mixed,FEMALE,2022,Wagai,siaya,E
Malele_Mixed,MALE,2022,Wagai,siaya,E
Malele_Mixed,MALE,2022,Wagai,siaya,E
Malele_Mixed,FEMALE,2022,Wagai,siaya,E
Malele_Mixed,MALE,2022,Wagai,siaya,E
Malele_Mixed,MALE,2022,Wagai,siaya,E
Malele_Mixed,FEMALE,2022,Wagai,siaya,E
Malele_Mixed,MALE,2022,Wagai,siaya,E
Nduru_MIXED,MALE,2024,Alego_usonga,siaya,C+
Nduru_MIXED,MALE,2024,Alego_usonga,siaya,D
Nduru_MIXED,MALE,2024,Alego_usonga,siaya,D
Nduru_MIXED,MALE,2024,Alego_usonga,siaya,D+
Nduru_MIXED,FEMALE,2024,Alego_usonga,siaya,E
Nduru_MIXED,FEMALE,2024,Alego_usonga,siaya,E
Nduru_MIXED,FEMALE,2024,Alego_usonga,siaya,E
Nduru_MIXED,FEMALE3,2024,Alego_usonga,siaya,D-
Nduru_MIXED,FEMALE,2024,Alego_usonga,siaya,E
Nduru_MIXED,FEMALE,2024,Alego_usonga,siaya,D-
Nduru_MIXED,MALE,2024,Alego_usonga,siaya,D-
Nduru_MIXED,MALE,2024,Alego_usonga,siaya,D-
Nduru_MIXED,FEMALE,2024,Alego_usonga,siaya,E
Nduru_MIXED,FEMALE,2024,Alego_usonga,siaya,E
Nduru_MIXED,FEMALE,2024,Alego_usonga,siaya,E
Nduru_MIXED,MALE,2024,Alego_usonga,siaya,D-
Nduru_MIXED,MALE,2024,Alego_usonga,siaya,E
Nduru_MIXED,FEMALE,2024,Alego_usonga,siaya,E
Nduru_MIXED,MALE,2024,Alego_usonga,siaya,E
Nduru_MIXED,FEMALE,2024,Alego_usonga,siaya,E
Nduru_MIXED,FEMALE,2024,Alego_usonga,siaya,E
Nduru_MIXED,MALE,2024,Alego_usonga,siaya,D
Nduru_MIXED,MALE,2024,Alego_usonga,siaya,E
Nduru_MIXED,MALE,2024,Alego_usonga,siaya,E
Nduru_MIXED,FEMALE,2024,Alego_usonga,siaya,E
Nduru_MIXED,MALE,2024,Alego_usonga,siaya,E
Nduru_MIXED,FEMALE,2024,Alego_usonga,siaya,E
Nduru_MIXED,MALE,2024,Alego_usonga,siaya,E
Nduru_MIXED,MALE,2024,Alego_usonga,siaya,E
Nduru_MIXED,FEMALE,2024,Alego_usonga,siaya,E
Nduru_MIXED,MALE,2024,Alego_usonga,siaya,E
Nduru_MIXED,FEMALE,2024,Alego_usonga,siaya,E
Nduru_MIXED,FEMALE,2024,Alego_usonga,siaya,E
Nduru_MIXED,FEMALE,2024,Alego_usonga,siaya,E
Nduru_MIXED,FEMALE,2024,Alego_usonga,siaya,E
Nduru_MIXED,FEMALE,2024,Alego_usonga,siaya,E
Nduru_MIXED,FEMALE,2024,Alego_usonga,siaya,E
Nduru_MIXED,FEMALE,2024,Alego_usonga,siaya,E
Nduru_MIXED,FEMALE,2024,Alego_usonga,siaya,E
Nduru_MIXED,MALE,2024,Alego_usonga,siaya,E
Nyalunya_Mixed,MALE,2024,Wagai,siaya,C
Nyalunya_Mixed,MALE,2024,Wagai,siaya,B
Nyalunya_Mixed,MALE,2024,Wagai,siaya,D-
Nyalunya_Mixed,MALE,2024,Wagai,siaya,E
Nyalunya_Mixed,FEMALE,2024,Wagai,siaya,D+
Nyalunya_Mixed,FEMALE,2024,Wagai,siaya,D-
Nyalunya_Mixed,MALE,2024,Wagai,siaya,D-
Nyalunya_Mixed,MALE,2024,Wagai,siaya,E
Nyalunya_Mixed,MALE,2024,Wagai,siaya,D-
Nyalunya_Mixed,MALE,2024,Wagai,siaya,D-
Nyalunya_Mixed,MALE,2024,Wagai,siaya,D-
Nyalunya_Mixed,MALE,2024,Wagai,siaya,D-
Nyalunya_Mixed,FEMALE,2024,Wagai,siaya,E
Nyalunya_Mixed,MALE,2024,Wagai,siaya,E
Nyalunya_Mixed,FEMALE,2024,Wagai,siaya,E
Nyalunya_Mixed,FEMALE,2024,Wagai,siaya,E
Nyalunya_Mixed,FEMALE,2024,Wagai,siaya,E
Nyalunya_Mixed,FEMALE,2024,Wagai,siaya,E
Nyalunya_Mixed,MALE,2024,Wagai,siaya,E
Nyalunya_Mixed,MALE,2024,Wagai,siaya,D
Nyalunya_Mixed,MALE,2024,Wagai,siaya,E
Nyalunya_Mixed,MALE,2024,Wagai,siaya,D-
Nyalunya_Mixed,FEMALE,2024,Wagai,siaya,E
Nyalunya_Mixed,MALE,2024,Wagai,siaya,E
Nyalunya_Mixed,FEMALE,2024,Wagai,siaya,E
Nyalunya_Mixed,MALE,2024,Wagai,siaya,E
Nyalunya_Mixed,MALE,2024,Wagai,siaya,E
Nyalunya_Mixed,FEMALE,2024,Wagai,siaya,E
Nyalunya_Mixed,MALE,2024,Wagai,siaya,E
Nyalunya_Mixed,FEMALE,2024,Wagai,siaya,E
Nyalunya_Mixed,MALE,2024,Wagai,siaya,D
Nyalunya_Mixed,MALE,2024,Wagai,siaya,E
Nyalunya_Mixed,MALE,2024,Wagai,siaya,E
Nyalunya_Mixed,FEMALE,2024,Wagai,siaya,E
Nyalunya_Mixed,FEMALE,2024,Wagai,siaya,E
Nyalunya_Mixed,MALE,2024,Wagai,siaya,D-
Nyalunya_Mixed,FEMALE,2024,Wagai,siaya,E
Nyalunya_Mixed,FEMALE,2024,Wagai,siaya,E
Nyalunya_Mixed,MALE,2024,Wagai,siaya,E
Nyalunya_Mixed,FEMALE,2024,Wagai,siaya,E
Nyalunya_Mixed,FEMALE,2024,Wagai,siaya,E
Nyalunya_Mixed,MALE,2024,Wagai,siaya,E
Nyalunya_Mixed,FEMALE,2024,Wagai,siaya,E
Nyalunya_Mixed,FEMALE,2024,Wagai,siaya,E
Nyalunya_Mixed,MALE,2024,Wagai,siaya,E
Nyalunya_Mixed,FEMALE,2024,Wagai,siaya,E
Nyalunya_Mixed,FEMALE,2024,Wagai,siaya,E
Nyalunya_Mixed,FEMALE,2024,Wagai,siaya,E
Nyalunya_Mixed,MALE,2024,Wagai,siaya,E
Nyalunya_Mixed,FEMALE,2024,Wagai,siaya,E
Nyalunya_Mixed,MALE,2024,Wagai,siaya,E
Nyalunya_Mixed,MALE,2023,Wagai,siaya,D
Nyalunya_Mixed,MALE,2023,Wagai,siaya,D-
Nyalunya_Mixed,FEMALE,2023,Wagai,siaya,D-
Nyalunya_Mixed,FEMALE,2023,Wagai,siaya,D
Nyalunya_Mixed,MALE,2023,Wagai,siaya,E
Nyalunya_Mixed,FEMALE,2023,Wagai,siaya,D-
Nyalunya_Mixed,FEMALE,2023,Wagai,siaya,E
Nyalunya_Mixed,FEMALE,2023,Wagai,siaya,D-
Nyalunya_Mixed,MALE,2023,Wagai,siaya,D-
Nyalunya_Mixed,MALE,2023,Wagai,siaya,D-
Nyalunya_Mixed,FEMALE,2023,Wagai,siaya,E
Nyalunya_Mixed,FEMALE,2023,Wagai,siaya,E
Nyalunya_Mixed,FEMALE,2023,Wagai,siaya,E
Nyalunya_Mixed,FEMALE,2023,Wagai,siaya,D
Nyalunya_Mixed,FEMALE,2023,Wagai,siaya,E
Nyalunya_Mixed,FEMALE,2023,Wagai,siaya,E
Nyalunya_Mixed,MALE,2023,Wagai,siaya,E
Nyalunya_Mixed,MALE,2023,Wagai,siaya,E
Nyalunya_Mixed,FEMALE,2023,Wagai,siaya,E
Nyalunya_Mixed,FEMALE,2023,Wagai,siaya,E
Nyalunya_Mixed,MALE,2023,Wagai,siaya,E
Nyalunya_Mixed,MALE,2023,Wagai,siaya,E
Nyalunya_Mixed,MALE,2023,Wagai,siaya,E
Nyalunya_Mixed,MALE,2023,Wagai,siaya,E
Nyalunya_Mixed,FEMALE,2023,Wagai,siaya,E
Nyalunya_Mixed,FEMALE,2023,Wagai,siaya,E
Nyalunya_Mixed,MALE,2023,Wagai,siaya,E
Nyalunya_Mixed,FEMALE,2023,Wagai,siaya,E
Nyalunya_Mixed,MALE,2023,Wagai,siaya,E
Nyalunya_Mixed,FEMALE,2023,Wagai,siaya,E
Nyalunya_Mixed,FEMALE,2023,Wagai,siaya,E
Nyalunya_Mixed,MALE,2023,Wagai,siaya,E
Nyalunya_Mixed,FEMALE,2023,Wagai,siaya,E
Nyalunya_Mixed,FEMALE,2023,Wagai,siaya,E
Ojola_Mixed,MALE,2024,Wagai,siaya,D+
Ojola_Mixed,FEMALE,2024,Wagai,siaya,D
Ojola_Mixed,MALE,2024,Wagai,siaya,C-
Ojola_Mixed,MALE,2024,Wagai,siaya,D+
Ojola_Mixed,FEMALE,2024,Wagai,siaya,D
Ojola_Mixed,FEMALE,2024,Wagai,siaya,D-
Ojola_Mixed,FEMALE,2024,Wagai,siaya,E
Ojola_Mixed,MALE,2024,Wagai,siaya,D-
Ojola_Mixed,FEMALE,2024,Wagai,siaya,D-
Ojola_Mixed,MALE,2024,Wagai,siaya,D-
Ojola_Mixed,MALE,2024,Wagai,siaya,D-
Ojola_Mixed,MALE,2024,Wagai,siaya,E
Ojola_Mixed,FEMALE,2024,Wagai,siaya,D
Ojola_Mixed,FEMALE,2024,Wagai,siaya,E
Ojola_Mixed,MALE,2024,Wagai,siaya,E
Ojola_Mixed,FEMALE,2024,Wagai,siaya,E
Ojola_Mixed,MALE,2024,Wagai,siaya,D-
Ojola_Mixed,MALE,2024,Wagai,siaya,D-
Ojola_Mixed,MALE,2024,Wagai,siaya,E
Ojola_Mixed,FEMALE,2024,Wagai,siaya,D-
Ojola_Mixed,MALE,2024,Wagai,siaya,D-
Ojola_Mixed,MALE,2024,Wagai,siaya,D-
Ojola_Mixed,MALE,2024,Wagai,siaya,D-
Ojola_Mixed,FEMALE,2024,Wagai,siaya,E
Ojola_Mixed,MALE,2024,Wagai,siaya,E
Ojola_Mixed,FEMALE,2024,Wagai,siaya,E
Ojola_Mixed,FEMALE,2024,Wagai,siaya,E
Ojola_Mixed,MALE,2024,Wagai,siaya,D-
Ojola_Mixed,MALE,2024,Wagai,siaya,E
Ojola_Mixed,MALE,2024,Wagai,siaya,E
Ojola_Mixed,MALE,2024,Wagai,siaya,E
Ojola_Mixed,MALE,2024,Wagai,siaya,E
Ojola_Mixed,MALE,2024,Wagai,siaya,E
Ojola_Mixed,FEMALE,2024,Wagai,siaya,E
Ojola_Mixed,MALE,2024,Wagai,siaya,E
Ojola_Mixed,FEMALE,2024,Wagai,siaya,E
Ojola_Mixed,MALE,2024,Wagai,siaya,E
Ojola_Mixed,FEMALE,2024,Wagai,siaya,E
Ojola_Mixed,FEMALE,2024,Wagai,siaya,E
Ojola_Mixed,MALE,2024,Wagai,siaya,E
Ojola_Mixed,FEMALE,2024,Wagai,siaya,E
Ojola_Mixed,FEMALE,2024,Wagai,siaya,E
Kaudha_Mixed,MALE,2024,Wagai,siaya,B+
Kaudha_Mixed,FEMALE,2024,Wagai,siaya,D
Kaudha_Mixed,MALE,2024,Wagai,siaya,D+
Kaudha_Mixed,MALE,2024,Wagai,siaya,B-
Kaudha_Mixed,FEMALE,2024,Wagai,siaya,D+
Kaudha_Mixed,MALE,2024,Wagai,siaya,C-
Kaudha_Mixed,FEMALE,2024,Wagai,siaya,C-
Kaudha_Mixed,MALE,2024,Wagai,siaya,D-
Kaudha_Mixed,FEMALE,2024,Wagai,siaya,D-
Kaudha_Mixed,MALE,2024,Wagai,siaya,B-
Kaudha_Mixed,FEMALE,2024,Wagai,siaya,C-
Kaudha_Mixed,MALE,2024,Wagai,siaya,D
Kaudha_Mixed,MALE,2024,Wagai,siaya,E
Kaudha_Mixed,FEMALE,2024,Wagai,siaya,E
Kaudha_Mixed,FEMALE,2024,Wagai,siaya,E
Kaudha_Mixed,FEMALE,2024,Wagai,siaya,D
Kaudha_Mixed,MALE,2024,Wagai,siaya,D
Kaudha_Mixed,FEMALE,2024,Wagai,siaya,D-
Kaudha_Mixed,MALE,2024,Wagai,siaya,D
Kaudha_Mixed,FEMALE,2024,Wagai,siaya,E
Kaudha_Mixed,FEMALE,2024,Wagai,siaya,D-
Kaudha_Mixed,FEMALE,2024,Wagai,siaya,D
Kaudha_Mixed,MALE,2024,Wagai,siaya,D-
Kaudha_Mixed,MALE,2024,Wagai,siaya,D
Kaudha_Mixed,FEMALE,2024,Wagai,siaya,D-
Kaudha_Mixed,FEMALE,2024,Wagai,siaya,D-
Kaudha_Mixed,MALE,2024,Wagai,siaya,E
Kaudha_Mixed,MALE,2024,Wagai,siaya,E
Kaudha_Mixed,MALE,2024,Wagai,siaya,E
Kaudha_Mixed,FEMALE,2024,Wagai,siaya,D
Kaudha_Mixed,FEMALE,2024,Wagai,siaya,E
Kaudha_Mixed,MALE,2024,Wagai,siaya,D
Kaudha_Mixed,MALE,2024,Wagai,siaya,E
Kaudha_Mixed,MALE,2024,Wagai,siaya,D-
Kaudha_Mixed,MALE,2024,Wagai,siaya,D-
Kaudha_Mixed,FEMALE,2024,Wagai,siaya,E
Kaudha_Mixed,MALE,2024,Wagai,siaya,D
Kaudha_Mixed,MALE,2024,Wagai,siaya,E
Kaudha_Mixed,FEMALE,2024,Wagai,siaya,D
Kaudha_Mixed,MALE,2024,Wagai,siaya,E
Kaudha_Mixed,FEMALE,2024,Wagai,siaya,E
Kaudha_Mixed,MALE,2024,Wagai,siaya,D
Kaudha_Mixed,FEMALE,2024,Wagai,siaya,E
Kaudha_Mixed,FEMALE,2024,Wagai,siaya,E
Kaudha_Mixed,MALE,2024,Wagai,siaya,E
Kaudha_Mixed,MALE,2024,Wagai,siaya,E
Kaudha_Mixed,MALE,2024,Wagai,siaya,E
Kaudha_Mixed,MALE,2024,Wagai,siaya,E
Kaudha_Mixed,MALE,2024,Wagai,siaya,E
Kaudha_Mixed,FEMALE,2024,Wagai,siaya,E
Kaudha_Mixed,FEMALE,2024,Wagai,siaya,E
Kaudha_Mixed,MALE,2024,Wagai,siaya,D-
Kaudha_Mixed,FEMALE,2024,Wagai,siaya,E
Kaudha_Mixed,FEMALE,2024,Wagai,siaya,E
Kaudha_Mixed,FEMALE,2024,Wagai,siaya,E
Kaudha_Mixed,MALE,2024,Wagai,siaya,E
Kaudha_Mixed,FEMALE,2024,Wagai,siaya,E
Kaudha_Mixed,MALE,2024,Wagai,siaya,E
Kaudha_Mixed,FEMALE,2024,Wagai,siaya,E
Kaudha_Mixed,FEMALE,2024,Wagai,siaya,E
Kaudha_Mixed,MALE,2024,Wagai,siaya,E
Kaudha_Mixed,FEMALE,2024,Wagai,siaya,E
Kaudha_Mixed,MALE,2024,Wagai,siaya,E
Kaudha_Mixed,MALE,2024,Wagai,siaya,E
Kaudha_Mixed,FEMALE,2024,Wagai,siaya,E
Kaudha_Mixed,MALE,2024,Wagai,siaya,E
Kaudha_Mixed,FEMALE,2024,Wagai,siaya,E
Kaudha_Mixed,FEMALE,2024,Wagai,siaya,E
Kaudha_Mixed,MALE,2024,Wagai,siaya,E
Kaudha_Mixed,MALE,2024,Wagai,siaya,E
Kaudha_Mixed,MALE,2024,Wagai,siaya,E
Kaudha_Mixed,FEMALE,2024,Wagai,siaya,E
Kaudha_Mixed,MALE,2024,Wagai,siaya,E
Kaudha_Mixed,FEMALE,2024,Wagai,siaya,E
Kaudha_Mixed,MALE,2024,Wagai,siaya,E
Kaudha_Mixed,FEMALE,2024,Wagai,siaya,E
Kaudha_Mixed,FEMALE,2024,Wagai,siaya,E
Kaudha_Mixed,MALE,2023,Wagai,siaya,A-
Kaudha_Mixed,MALE,2023,Wagai,siaya,B+
Kaudha_Mixed,FEMALE,2023,Wagai,siaya,C+
Kaudha_Mixed,MALE,2023,Wagai,siaya,A-
Kaudha_Mixed,FEMALE,2023,Wagai,siaya,B-
Kaudha_Mixed,FEMALE,2023,Wagai,siaya,D
Kaudha_Mixed,MALE,2023,Wagai,siaya,B+
Kaudha_Mixed,FEMALE,2023,Wagai,siaya,C
Kaudha_Mixed,MALE,2023,Wagai,siaya,B-
Kaudha_Mixed,MALE,2023,Wagai,siaya,A-
Kaudha_Mixed,MALE,2023,Wagai,siaya,D
Kaudha_Mixed,FEMALE,2023,Wagai,siaya,C
Kaudha_Mixed,MALE,2023,Wagai,siaya,C+
Kaudha_Mixed,FEMALE,2023,Wagai,siaya,C-
Kaudha_Mixed,FEMALE,2023,Wagai,siaya,D+
Kaudha_Mixed,MALE,2023,Wagai,siaya,C-
Kaudha_Mixed,FEMALE,2023,Wagai,siaya,D
Kaudha_Mixed,FEMALE,2023,Wagai,siaya,D
Kaudha_Mixed,FEMALE,2023,Wagai,siaya,D
Kaudha_Mixed,FEMALE,2023,Wagai,siaya,D
Kaudha_Mixed,MALE,2023,Wagai,siaya,D
Kaudha_Mixed,FEMALE,2023,Wagai,siaya,E
Kaudha_Mixed,FEMALE,2023,Wagai,siaya,C+
Kaudha_Mixed,FEMALE,2023,Wagai,siaya,D-
Kaudha_Mixed,FEMALE,2023,Wagai,siaya,E
Kaudha_Mixed,FEMALE,2023,Wagai,siaya,D-
Kaudha_Mixed,FEMALE,2023,Wagai,siaya,D-
Kaudha_Mixed,MALE,2023,Wagai,siaya,C
Kaudha_Mixed,FEMALE,2023,Wagai,siaya,D+
Kaudha_Mixed,FEMALE,2023,Wagai,siaya,D-
Kaudha_Mixed,FEMALE,2023,Wagai,siaya,E
Kaudha_Mixed,MALE,2023,Wagai,siaya,D-
Kaudha_Mixed,MALE,2023,Wagai,siaya,D
Kaudha_Mixed,FEMALE,2023,Wagai,siaya,D-
Kaudha_Mixed,FEMALE,2023,Wagai,siaya,E
Kaudha_Mixed,MALE,2023,Wagai,siaya,D-
Kaudha_Mixed,MALE,2023,Wagai,siaya,E
Kaudha_Mixed,FEMALE,2023,Wagai,siaya,D+
Kaudha_Mixed,MALE,2023,Wagai,siaya,E
Kaudha_Mixed,MALE,2023,Wagai,siaya,D-
Kaudha_Mixed,MALE,2023,Wagai,siaya,D-
Kaudha_Mixed,MALE,2023,Wagai,siaya,D-
Kaudha_Mixed,MALE,2023,Wagai,siaya,D-
Kaudha_Mixed,MALE,2023,Wagai,siaya,D
Kaudha_Mixed,MALE,2023,Wagai,siaya,D
Kaudha_Mixed,MALE,2023,Wagai,siaya,E
Kaudha_Mixed,MALE,2023,Wagai,siaya,E
Kaudha_Mixed,FEMALE,2023,Wagai,siaya,D-
Kaudha_Mixed,MALE,2023,Wagai,siaya,D-
Kaudha_Mixed,FEMALE,2023,Wagai,siaya,E
Kaudha_Mixed,MALE,2023,Wagai,siaya,E
Kaudha_Mixed,MALE,2023,Wagai,siaya,D-
Kaudha_Mixed,FEMALE,2023,Wagai,siaya,E
Kaudha_Mixed,MALE,2023,Wagai,siaya,D-
Kaudha_Mixed,MALE,2023,Wagai,siaya,D-
Kaudha_Mixed,MALE,2023,Wagai,siaya,E
Kaudha_Mixed,MALE,2023,Wagai,siaya,D-
Kaudha_Mixed,FEMALE,2023,Wagai,siaya,E
Kaudha_Mixed,FEMALE,2023,Wagai,siaya,E
Kaudha_Mixed,FEMALE,2023,Wagai,siaya,E
Kaudha_Mixed,MALE,2023,Wagai,siaya,E
Kaudha_Mixed,MALE,2023,Wagai,siaya,D-
Kaudha_Mixed,MALE,2023,Wagai,siaya,D-
Kaudha_Mixed,FEMALE,2023,Wagai,siaya,E
Kaudha_Mixed,FEMALE,2023,Wagai,siaya,D-
Kaudha_Mixed,MALE,2023,Wagai,siaya,E
Kaudha_Mixed,FEMALE,2023,Wagai,siaya,D-
Kaudha_Mixed,FEMALE,2023,Wagai,siaya,D-
Kaudha_Mixed,MALE,2023,Wagai,siaya,D-
Kaudha_Mixed,MALE,2023,Wagai,siaya,E
Kaudha_Mixed,MALE,2023,Wagai,siaya,D-
Kaudha_Mixed,FEMALE,2023,Wagai,siaya,E
Kaudha_Mixed,FEMALE,2023,Wagai,siaya,E
Kaudha_Mixed,MALE,2023,Wagai,siaya,D-
Kaudha_Mixed,MALE,2023,Wagai,siaya,E
Kaudha_Mixed,FEMALE,2023,Wagai,siaya,D-
Kaudha_Mixed,FEMALE,2023,Wagai,siaya,D-
Kaudha_Mixed,FEMALE,2023,Wagai,siaya,E
Kaudha_Mixed,MALE,2023,Wagai,siaya,E
Kaudha_Mixed,MALE,2023,Wagai,siaya,E
Kaudha_Mixed,FEMALE,2023,Wagai,siaya,E
Kaudha_Mixed,MALE,2023,Wagai,siaya,D-
Kaudha_Mixed,FEMALE,2023,Wagai,siaya,E
Kaudha_Mixed,MALE,2023,Wagai,siaya,E
Kaudha_Mixed,FEMALE,2023,Wagai,siaya,E
Kaudha_Mixed,FEMALE,2023,Wagai,siaya,E
Kaudha_Mixed,MALE,2023,Wagai,siaya,E
Kaudha_Mixed,MALE,2023,Wagai,siaya,E
Kaudha_Mixed,FEMALE,2023,Wagai,siaya,E
Kaudha_Mixed,FEMALE,2023,Wagai,siaya,E
Kaudha_Mixed,MALE,2023,Wagai,siaya,E
Kaudha_Mixed,MALE,2022,Wagai,siaya,C
Kaudha_Mixed,MALE,2022,Wagai,siaya,C+
Kaudha_Mixed,MALE,2022,Wagai,siaya,D
Kaudha_Mixed,FEMALE,2022,Wagai,siaya,D-
Kaudha_Mixed,MALE,2022,Wagai,siaya,D
Kaudha_Mixed,MALE,2022,Wagai,siaya,D-
Kaudha_Mixed,MALE,2022,Wagai,siaya,D
Kaudha_Mixed,MALE,2022,Wagai,siaya,D-
Kaudha_Mixed,MALE,2022,Wagai,siaya,D-
Kaudha_Mixed,FEMALE,2022,Wagai,siaya,E
Kaudha_Mixed,MALE,2022,Wagai,siaya,E
Kaudha_Mixed,MALE,2022,Wagai,siaya,C-
Kaudha_Mixed,MALE,2022,Wagai,siaya,E
Kaudha_Mixed,MALE,2022,Wagai,siaya,E
Kaudha_Mixed,FEMALE,2022,Wagai,siaya,E
Kaudha_Mixed,MALE,2022,Wagai,siaya,D-
Kaudha_Mixed,FEMALE,2022,Wagai,siaya,E
Kaudha_Mixed,FEMALE,2022,Wagai,siaya,D-
Kaudha_Mixed,MALE,2022,Wagai,siaya,E
Kaudha_Mixed,MALE,2022,Wagai,siaya,E
Kaudha_Mixed,FEMALE,2022,Wagai,siaya,E
Kaudha_Mixed,FEMALE,2022,Wagai,siaya,E
Kaudha_Mixed,FEMALE,2022,Wagai,siaya,D-
Kaudha_Mixed,MALE,2022,Wagai,siaya,D-
Kaudha_Mixed,FEMALE,2022,Wagai,siaya,E
Kaudha_Mixed,MALE,2022,Wagai,siaya,E
Kaudha_Mixed,FEMALE,2022,Wagai,siaya,E
Kaudha_Mixed,FEMALE,2022,Wagai,siaya,E
Kaudha_Mixed,FEMALE,2022,Wagai,siaya,E
Kaudha_Mixed,MALE,2022,Wagai,siaya,E
Kaudha_Mixed,MALE,2022,Wagai,siaya,E
Kaudha_Mixed,FEMALE,2022,Wagai,siaya,E
Kaudha_Mixed,FEMALE,2022,Wagai,siaya,E
Kaudha_Mixed,MALE,2022,Wagai,siaya,E
Kaudha_Mixed,MALE,2022,Wagai,siaya,E
Kaudha_Mixed,FEMALE,2022,Wagai,siaya,E
Kaudha_Mixed,FEMALE,2022,Wagai,siaya,E
Kaudha_Mixed,MALE,2022,Wagai,siaya,E
Kaudha_Mixed,FEMALE,2022,Wagai,siaya,E
Kaudha_Mixed,FEMALE,2022,Wagai,siaya,E
Kaudha_Mixed,FEMALE,2022,Wagai,siaya,E
Kaudha_Mixed,MALE,2022,Wagai,siaya,E
Kaudha_Mixed,FEMALE,2022,Wagai,siaya,E
Kaudha_Mixed,FEMALE,2022,Wagai,siaya,E
Kaudha_Mixed,MALE,2022,Wagai,siaya,E
Kaudha_Mixed,FEMALE,2022,Wagai,siaya,E
Kaudha_Mixed,MALE,2022,Wagai,siaya,E
Budokomi_Mixed,Male,2023,Busia,Busia,B-
Budokomi_Mixed,Male,2023,Busia,Busia,B+
Budokomi_Mixed,Female,2023,Busia,Busia,C+
Budokomi_Mixed,Male,2023,Busia,Busia,C
Budokomi_Mixed,Female,2023,Busia,Busia,D+
Budokomi_Mixed,Male,2023,Busia,Busia,B
Budokomi_Mixed,Male,2023,Busia,Busia,B-
Budokomi_Mixed,Male,2023,Busia,Busia,C+
Budokomi_Mixed,Male,2023,Busia,Busia,C+
Budokomi_Mixed,Male,2023,Busia,Busia,B-
Budokomi_Mixed,Male,2023,Busia,Busia,B-
Budokomi_Mixed,Female,2023,Busia,Busia,C+
Budokomi_Mixed,Male,2023,Busia,Busia,C+
Budokomi_Mixed,Female,2023,Busia,Busia,B+
Budokomi_Mixed,Male,2023,Busia,Busia,B
Budokomi_Mixed,Male,2023,Busia,Busia,C-
Budokomi_Mixed,Male,2023,Busia,Busia,B
Budokomi_Mixed,Female,2023,Busia,Busia,D+
Budokomi_Mixed,Female,2023,Busia,Busia,D+
Budokomi_Mixed,Male,2023,Busia,Busia,B-
Budokomi_Mixed,Female,2023,Busia,Busia,D
Budokomi_Mixed,Female,2023,Busia,Busia,B-
Budokomi_Mixed,Female,2023,Busia,Busia,D
Budokomi_Mixed,Male,2023,Busia,Busia,C+
Budokomi_Mixed,Female,2023,Busia,Busia,D-
Budokomi_Mixed,Female,2023,Busia,Busia,D
Budokomi_Mixed,Female,2023,Busia,Busia,D-
Budokomi_Mixed,Male,2023,Busia,Busia,C
Budokomi_Mixed,Male,2023,Busia,Busia,D
Budokomi_Mixed,Female,2023,Busia,Busia,D+
Budokomi_Mixed,Male,2023,Busia,Busia,D
Budokomi_Mixed,Female,2023,Busia,Busia,C
Budokomi_Mixed,Male,2023,Busia,Busia,C-
Budokomi_Mixed,Female,2023,Busia,Busia,D
Budokomi_Mixed,Male,2023,Busia,Busia,E
Budokomi_Mixed,Male,2023,Busia,Busia,D
Budokomi_Mixed,Female,2023,Busia,Busia,D+
Budokomi_Mixed,Female,2023,Busia,Busia,D
Budokomi_Mixed,Female,2023,Busia,Busia,D-
Budokomi_Mixed,Male,2023,Busia,Busia,D-
Budokomi_Mixed,Male,2023,Busia,Busia,D
Budokomi_Mixed,Female,2023,Busia,Busia,D-
Budokomi_Mixed,Male,2023,Busia,Busia,D+
Budokomi_Mixed,Female,2023,Busia,Busia,D
Budokomi_Mixed,Male,2023,Busia,Busia,D-
Budokomi_Mixed,Male,2023,Busia,Busia,C
Budokomi_Mixed,Female,2023,Busia,Busia,D-
Budokomi_Mixed,Male,2023,Busia,Busia,D+
Budokomi_Mixed,Female,2023,Busia,Busia,D-
Budokomi_Mixed,Female,2023,Busia,Busia,C
Budokomi_Mixed,Male,2023,Busia,Busia,D
Budokomi_Mixed,Male,2023,Busia,Busia,D-
Budokomi_Mixed,Male,2023,Busia,Busia,D
Budokomi_Mixed,Female,2023,Busia,Busia,D-
Budokomi_Mixed,Female,2023,Busia,Busia,D-
Budokomi_Mixed,Female,2023,Busia,Busia,C-
Budokomi_Mixed,Female,2023,Busia,Busia,D-
Budokomi_Mixed,Female,2023,Busia,Busia,D
Budokomi_Mixed,Male,2023,Busia,Busia,C-
Budokomi_Mixed,Female,2023,Busia,Busia,D+
Budokomi_Mixed,Female,2023,Busia,Busia,D-
Budokomi_Mixed,Female,2023,Busia,Busia,D+
Budokomi_Mixed,Female,2023,Busia,Busia,D-
Budokomi_Mixed,Male,2023,Busia,Busia,D
Budokomi_Mixed,Male,2023,Busia,Busia,D+
Budokomi_Mixed,Male,2023,Busia,Busia,C+
Budokomi_Mixed,Female,2023,Busia,Busia,D-
Budokomi_Mixed,Female,2023,Busia,Busia,E
Budokomi_Mixed,Female,2023,Busia,Busia,D
Budokomi_Mixed,Male,2023,Busia,Busia,C-
Budokomi_Mixed,Female,2023,Busia,Busia,D-
Budokomi_Mixed,Female,2023,Busia,Busia,D
Budokomi_Mixed,Male,2023,Busia,Busia,D
Budokomi_Mixed,Female,2023,Busia,Busia,D
Budokomi_Mixed,Male,2023,Busia,Busia,D+
Budokomi_Mixed,Male,2023,Busia,Busia,E
Budokomi_Mixed,Male,2023,Busia,Busia,C+
Budokomi_Mixed,Male,2023,Busia,Busia,E
Budokomi_Mixed,Male,2023,Busia,Busia,D-
Budokomi_Mixed,Male,2023,Busia,Busia,D-
Budokomi_Mixed,Female,2023,Busia,Busia,E
Budokomi_Mixed,Male,2023,Busia,Busia,E
Budokomi_Mixed,Female,2023,Busia,Busia,D-
Budokomi_Mixed,Female,2023,Busia,Busia,D-
Budokomi_Mixed,Female,2023,Busia,Busia,E
Budokomi_Mixed,Female,2023,Busia,Busia,D-
Budokomi_Mixed,Female,2023,Busia,Busia,D-
Budokomi_Mixed,Female,2023,Busia,Busia,E
Budokomi_Mixed,Male,2023,Busia,Busia,D-
Budokomi_Mixed,Female,2023,Busia,Busia,E
Budokomi_Mixed,Female,2023,Busia,Busia,D
Budokomi_Mixed,Female,2023,Busia,Busia,E
Budokomi_Mixed,Male,2023,Busia,Busia,D
Budokomi_Mixed,Female,2023,Busia,Busia,E
Budokomi_Mixed,Female,2023,Busia,Busia,D-
Budokomi_Mixed,Male,2023,Busia,Busia,D+
Budokomi_Mixed,Male,2023,Busia,Busia,D-
Budokomi_Mixed,Male,2023,Busia,Busia,C-
Budokomi_Mixed,Female,2023,Busia,Busia,E
Budokomi_Mixed,Male,2023,Busia,Busia,D
Budokomi_Mixed,Male,2023,Busia,Busia,D-
Budokomi_Mixed,Female,2023,Busia,Busia,E
Budokomi_Mixed,Female,2023,Busia,Busia,E
Budokomi_Mixed,Male,2023,Busia,Busia,D-
Budokomi_Mixed,Female,2023,Busia,Busia,E
Budokomi_Mixed,Male,2023,Busia,Busia,D-
Budokomi_Mixed,Female,2023,Busia,Busia,D-
Budokomi_Mixed,Male,2023,Busia,Busia,E
Budokomi_Mixed,Male,2023,Busia,Busia,D+
Budokomi_Mixed,Female,2023,Busia,Busia,D-
Budokomi_Mixed,Female,2023,Busia,Busia,E
Budokomi_Mixed,Female,2023,Busia,Busia,E
Budokomi_Mixed,Male,2023,Busia,Busia,D
Budokomi_Mixed,Male,2023,Busia,Busia,D
Budokomi_Mixed,Male,2023,Busia,Busia,D-
Budokomi_Mixed,Male,2023,Busia,Busia,E
Budokomi_Mixed,Female,2023,Busia,Busia,D-
Budokomi_Mixed,Male,2023,Busia,Busia,D-
Budokomi_Mixed,Female,2023,Busia,Busia,D-
Budokomi_Mixed,Female,2023,Busia,Busia,E
Budokomi_Mixed,Female,2023,Busia,Busia,E
Budokomi_Mixed,Female,2023,Busia,Busia,E
Budokomi_Mixed,Female,2023,Busia,Busia,D-
Budokomi_Mixed,Female,2023,Busia,Busia,E
Budokomi_Mixed,Female,2023,Busia,Busia,D-
Budokomi_Mixed,Female,2023,Busia,Busia,D
Budokomi_Mixed,Female,2023,Busia,Busia,E
Budokomi_Mixed,Female,2023,Busia,Busia,D-
Budokomi_Mixed,Female,2023,Busia,Busia,D-
Budokomi_Mixed,Female,2023,Busia,Busia,E
Budokomi_Mixed,Female,2023,Busia,Busia,D
Budokomi_Mixed,Female,2023,Busia,Busia,D
Budokomi_Mixed,Female,2023,Busia,Busia,E
Budokomi_Mixed,Male,2023,Busia,Busia,D-
Budokomi_Mixed,Female,2023,Busia,Busia,D-
Budokomi_Mixed,Female,2023,Busia,Busia,E
Budokomi_Mixed,Female,2023,Busia,Busia,E
Budokomi_Mixed,Female,2023,Busia,Busia,E
Budokomi_Mixed,Female,2023,Busia,Busia,D-
Budokomi_Mixed,Male,2023,Busia,Busia,E
Budokomi_Mixed,Female,2023,Busia,Busia,D-
Budokomi_Mixed,Male,2023,Busia,Busia,E
Budokomi_Mixed,Male,2023,Busia,Busia,D
Budokomi_Mixed,Female,2023,Busia,Busia,E
Budokomi_Mixed,Female,2023,Busia,Busia,E
Budokomi_Mixed,Female,2023,Busia,Busia,D-
Budokomi_Mixed,Female,2023,Busia,Busia,D-
Budokomi_Mixed,Male,2023,Busia,Busia,D-
Budokomi_Mixed,Female,2023,Busia,Busia,E
Budokomi_Mixed,Male,2023,Busia,Busia,E
Budokomi_Mixed,Female,2023,Busia,Busia,E
Budokomi_Mixed,Male,2023,Busia,Busia,D
Budokomi_Mixed,Female,2023,Busia,Busia,E
Budokomi_Mixed,Male,2023,Busia,Busia,E
Budokomi_Mixed,Male,2023,Busia,Busia,D-
Budokomi_Mixed,Female,2023,Busia,Busia,E
Budokomi_Mixed,Female,2023,Busia,Busia,E
Budokomi_Mixed,Female,2023,Busia,Busia,E
Budokomi_Mixed,Male,2023,Busia,Busia,D
Budokomi_Mixed,Male,2023,Busia,Busia,E
Budokomi_Mixed,Female,2023,Busia,Busia,E
Budokomi_Mixed,Female,2023,Busia,Busia,D-
Budokomi_Mixed,Female,2023,Busia,Busia,E
Budokomi_Mixed,Male,2023,Busia,Busia,E
Budokomi_Mixed,Male,2023,Busia,Busia,D-
Budokomi_Mixed,Male,2023,Busia,Busia,E
Budokomi_Mixed,Female,2023,Busia,Busia,E
Budokomi_Mixed,Male,2023,Busia,Busia,D-
Budokomi_Mixed,Female,2023,Busia,Busia,E
Budokomi_Mixed,Female,2023,Busia,Busia,E
Budokomi_Mixed,Male,2023,Busia,Busia,E
Budokomi_Mixed,Male,2023,Busia,Busia,E
Budokomi_Mixed,Female,2023,Busia,Busia,E
Budokomi_Mixed,Male,2023,Busia,Busia,E
Budokomi_Mixed,Male,2023,Busia,Busia,E
Budokomi_Mixed,Female,2023,Busia,Busia,E
Budokomi_Mixed,Female,2023,Busia,Busia,E
Budokomi_Mixed,Female,2023,Busia,Busia,E
Budokomi_Mixed,Female,2023,Busia,Busia,E
Budokomi_Mixed,Male,2023,Busia,Busia,E
Budokomi_Mixed,Male,2023,Busia,Busia,E
Budokomi_Mixed,Male,2024,Busia,Busia,A
Budokomi_Mixed,Male,2024,Busia,Busia,D
Budokomi_Mixed,Male,2024,Busia,Busia,A-
Budokomi_Mixed,Male,2024,Busia,Busia,B
Budokomi_Mixed,Male,2024,Busia,Busia,D
Budokomi_Mixed,Male,2024,Busia,Busia,C-
Budokomi_Mixed,Male,2024,Busia,Busia,C+
Budokomi_Mixed,Male,2024,Busia,Busia,D-
Budokomi_Mixed,Male,2024,Busia,Busia,D
Budokomi_Mixed,Male,2024,Busia,Busia,D-
Budokomi_Mixed,Male,2024,Busia,Busia,C-
Budokomi_Mixed,Male,2024,Busia,Busia,D-
Budokomi_Mixed,Male,2024,Busia,Busia,D+
Budokomi_Mixed,Male,2024,Busia,Busia,E
Budokomi_Mixed,Male,2024,Busia,Busia,E
Budokomi_Mixed,Male,2024,Busia,Busia,D-
Budokomi_Mixed,Male,2024,Busia,Busia,D-
Budokomi_Mixed,Male,2024,Busia,Busia,E
Budokomi_Mixed,Male,2024,Busia,Busia,D
Budokomi_Mixed,Male,2024,Busia,Busia,E
Budokomi_Mixed,Male,2024,Busia,Busia,D-
Budokomi_Mixed,Male,2024,Busia,Busia,E
Budokomi_Mixed,Male,2024,Busia,Busia,E
Budokomi_Mixed,Male,2024,Busia,Busia,D
Budokomi_Mixed,Male,2024,Busia,Busia,E
Budokomi_Mixed,Male,2024,Busia,Busia,D-
Budokomi_Mixed,Male,2024,Busia,Busia,D+
Budokomi_Mixed,Male,2024,Busia,Busia,E
Budokomi_Mixed,Male,2024,Busia,Busia,E
Budokomi_Mixed,Male,2024,Busia,Busia,E
Budokomi_Mixed,Male,2024,Busia,Busia,D-
Budokomi_Mixed,Male,2024,Busia,Busia,E
Budokomi_Mixed,Male,2024,Busia,Busia,D-
Budokomi_Mixed,Male,2024,Busia,Busia,E
Budokomi_Mixed,Male,2024,Busia,Busia,D-
Budokomi_Mixed,Male,2024,Busia,Busia,E
Budokomi_Mixed,Male,2024,Busia,Busia,E
Budokomi_Mixed,Male,2024,Busia,Busia,E
Budokomi_Mixed,Male,2024,Busia,Busia,E
Budokomi_Mixed,Male,2024,Busia,Busia,D-
Budokomi_Mixed,Male,2024,Busia,Busia,E
Budokomi_Mixed,Male,2024,Busia,Busia,E
Budokomi_Mixed,Male,2024,Busia,Busia,D-
Budokomi_Mixed,Male,2024,Busia,Busia,E
Budokomi_Mixed,Male,2024,Busia,Busia,E
Budokomi_Mixed,Male,2024,Busia,Busia,
Budokomi_Mixed,Male,2024,Busia,Busia,E
Budokomi_Mixed,Male,2024,Busia,Busia,E
Budokomi_Mixed,Male,2024,Busia,Busia,E
Budokomi_Mixed,Male,2024,Busia,Busia,E
Budokomi_Mixed,Male,2024,Busia,Busia,E
Budokomi_Mixed,Male,2024,Busia,Busia,E
Budokomi_Mixed,Male,2024,Busia,Busia,D-
Budokomi_Mixed,Male,2024,Busia,Busia,E
Budokomi_Mixed,Male,2024,Busia,Busia,E
Budokomi_Mixed,Male,2024,Busia,Busia,E
Budokomi_Mixed,Male,2024,Busia,Busia,D-
Budokomi_Mixed,Male,2024,Busia,Busia,E
Budokomi_Mixed,Male,2024,Busia,Busia,E
Budokomi_Mixed,Male,2024,Busia,Busia,E
Budokomi_Mixed,Male,2024,Busia,Busia,E
Budokomi_Mixed,Male,2024,Busia,Busia,E
Budokomi_Mixed,Male,2024,Busia,Busia,E
Budokomi_Mixed,Male,2024,Busia,Busia,E
Budokomi_Mixed,Male,2024,Busia,Busia,E
Budokomi_Mixed,Male,2024,Busia,Busia,E
Budokomi_Mixed,Male,2024,Busia,Busia,X
Budokomi_Mixed,Female,2024,Busia,Busia,C+
Budokomi_Mixed,Female,2024,Busia,Busia,C-
Budokomi_Mixed,Female,2024,Busia,Busia,E
Budokomi_Mixed,Female,2024,Busia,Busia,D
Budokomi_Mixed,Female,2024,Busia,Busia,D+
Budokomi_Mixed,Female,2024,Busia,Busia,D-
Budokomi_Mixed,Female,2024,Busia,Busia,D
Budokomi_Mixed,Female,2024,Busia,Busia,D-
Budokomi_Mixed,Female,2024,Busia,Busia,D
Budokomi_Mixed,Female,2024,Busia,Busia,D-
Budokomi_Mixed,Female,2024,Busia,Busia,D-
Budokomi_Mixed,Female,2024,Busia,Busia,D
Budokomi_Mixed,Female,2024,Busia,Busia,D
Budokomi_Mixed,Female,2024,Busia,Busia,D
Budokomi_Mixed,Female,2024,Busia,Busia,D-
Budokomi_Mixed,Female,2024,Busia,Busia,E
Budokomi_Mixed,Female,2024,Busia,Busia,E
Budokomi_Mixed,Female,2024,Busia,Busia,E
Budokomi_Mixed,Female,2024,Busia,Busia,E
Budokomi_Mixed,Female,2024,Busia,Busia,D-
Budokomi_Mixed,Female,2024,Busia,Busia,E
Budokomi_Mixed,Female,2024,Busia,Busia,D-
Budokomi_Mixed,Female,2024,Busia,Busia,E
Budokomi_Mixed,Female,2024,Busia,Busia,E
Budokomi_Mixed,Female,2024,Busia,Busia,E
Budokomi_Mixed,Female,2024,Busia,Busia,D-
Budokomi_Mixed,Female,2024,Busia,Busia,D-
Budokomi_Mixed,Female,2024,Busia,Busia,D-
Budokomi_Mixed,Female,2024,Busia,Busia,D-
Budokomi_Mixed,Female,2024,Busia,Busia,D-
Budokomi_Mixed,Female,2024,Busia,Busia,E
Budokomi_Mixed,Female,2024,Busia,Busia,D-
Budokomi_Mixed,Female,2024,Busia,Busia,E
Budokomi_Mixed,Female,2024,Busia,Busia,E
Budokomi_Mixed,Female,2024,Busia,Busia,D-
Budokomi_Mixed,Female,2024,Busia,Busia,E
Budokomi_Mixed,Female,2024,Busia,Busia,E
Budokomi_Mixed,Female,2024,Busia,Busia,E
Budokomi_Mixed,Female,2024,Busia,Busia,E
Budokomi_Mixed,Female,2024,Busia,Busia,D-
Budokomi_Mixed,Female,2024,Busia,Busia,E
Budokomi_Mixed,Female,2024,Busia,Busia,E
Budokomi_Mixed,Female,2024,Busia,Busia,D-
Budokomi_Mixed,Female,2024,Busia,Busia,E
Budokomi_Mixed,Female,2024,Busia,Busia,E
Budokomi_Mixed,Female,2024,Busia,Busia,E
Budokomi_Mixed,Female,2024,Busia,Busia,E
Budokomi_Mixed,Female,2024,Busia,Busia,E
Budokomi_Mixed,Female,2024,Busia,Busia,E
Budokomi_Mixed,Female,2024,Busia,Busia,E
Budokomi_Mixed,Female,2024,Busia,Busia,E
Budokomi_Mixed,Female,2024,Busia,Busia,E
Budokomi_Mixed,Female,2024,Busia,Busia,E
Budokomi_Mixed,Female,2024,Busia,Busia,E
Budokomi_Mixed,Female,2024,Busia,Busia,E
Budokomi_Mixed,Female,2024,Busia,Busia,E
Budokomi_Mixed,Female,2024,Busia,Busia,E
Budokomi_Mixed,Female,2024,Busia,Busia,E
Budokomi_Mixed,Female,2024,Busia,Busia,E
Budokomi_Mixed,Female,2024,Busia,Busia,E
Budokomi_Mixed,Female,2024,Busia,Busia,D-
Budokomi_Mixed,Female,2024,Busia,Busia,D+
Budokomi_Mixed,Female,2024,Busia,Busia,D-
Budokomi_Mixed,Female,2024,Busia,Busia,D-
Budokomi_Mixed,Female,2024,Busia,Busia,D-
Budokomi_Mixed,Female,2024,Busia,Busia,D
Budokomi_Mixed,Female,2024,Busia,Busia,D-
Budokomi_Mixed,Female,2024,Busia,Busia,E
Budokomi_Mixed,Female,2024,Busia,Busia,E
Budokomi_Mixed,Female,2024,Busia,Busia,E
Budokomi_Mixed,Female,2024,Busia,Busia,E
Budokomi_Mixed,Female,2024,Busia,Busia,D
Budokomi_Mixed,Female,2024,Busia,Busia,D
Budokomi_Mixed,Female,2024,Busia,Busia,D-
Budokomi_Mixed,Female,2024,Busia,Busia,D-
Budokomi_Mixed,Female,2024,Busia,Busia,D-
Budokomi_Mixed,Female,2024,Busia,Busia,D-
Budokomi_Mixed,Female,2024,Busia,Busia,D
Budokomi_Mixed,Female,2024,Busia,Busia,D-
Budokomi_Mixed,Female,2024,Busia,Busia,D-
Budokomi_Mixed,Female,2024,Busia,Busia,D-
Budokomi_Mixed,Female,2024,Busia,Busia,D-
Budokomi_Mixed,Female,2024,Busia,Busia,D-
Budokomi_Mixed,Female,2024,Busia,Busia,E
Budokomi_Mixed,Female,2024,Busia,Busia,E
Budokomi_Mixed,Female,2024,Busia,Busia,D-
Budokomi_Mixed,Female,2024,Busia,Busia,E
Budokomi_Mixed,Female,2024,Busia,Busia,D
Budokomi_Mixed,Female,2024,Busia,Busia,D-
Budokomi_Mixed,Female,2024,Busia,Busia,E
Budokomi_Mixed,Female,2024,Busia,Busia,E
Budokomi_Mixed,Female,2024,Busia,Busia,E
Budokomi_Mixed,Female,2024,Busia,Busia,E
Budokomi_Mixed,Female,2024,Busia,Busia,E
Budokomi_Mixed,Female,2024,Busia,Busia,E
Budokomi_Mixed,Female,2024,Busia,Busia,E
Budokomi_Mixed,Female,2024,Busia,Busia,E
Budokomi_Mixed,Female,2024,Busia,Busia,E
Budokomi_Mixed,Female,2024,Busia,Busia,E
Budokomi_Mixed,Female,2024,Busia,Busia,E
Budokomi_Mixed,Female,2024,Busia,Busia,E
Budokomi_Mixed,Female,2024,Busia,Busia,E
Budokomi_Mixed,Female,2024,Busia,Busia,E
Budokomi_Mixed,Female,2024,Busia,Busia,E
Budokomi_Mixed,Female,2024,Busia,Busia,E
Budokomi_Mixed,Female,2024,Busia,Busia,E
Budokomi_Mixed,Female,2024,Busia,Busia,E
Budokomi_Mixed,Female,2024,Busia,Busia,E
Budokomi_Mixed,Female,2024,Busia,Busia,E
Budokomi_Mixed,Female,2024,Busia,Busia,E
Budokomi_Mixed,Female,2024,Busia,Busia,E
Budokomi_Mixed,Female,2024,Busia,Busia,E
Budokomi_Mixed,Female,2024,Busia,Busia,E
Budokomi_Mixed,Male,2024,Busia,Busia,B+
Budokomi_Mixed,Male,2024,Busia,Busia,B
Budokomi_Mixed,Male,2024,Busia,Busia,C+
Budokomi_Mixed,Male,2024,Busia,Busia,D+
Budokomi_Mixed,Male,2024,Busia,Busia,B-
Budokomi_Mixed,Male,2024,Busia,Busia,C+
Budokomi_Mixed,Male,2024,Busia,Busia,D
Budokomi_Mixed,Male,2024,Busia,Busia,D-
Budokomi_Mixed,Male,2024,Busia,Busia,D-
Budokomi_Mixed,Male,2024,Busia,Busia,D+
Budokomi_Mixed,Male,2024,Busia,Busia,D
Budokomi_Mixed,Male,2024,Busia,Busia,D+
Budokomi_Mixed,Male,2024,Busia,Busia,D-
Budokomi_Mixed,Male,2024,Busia,Busia,D-
Budokomi_Mixed,Male,2024,Busia,Busia,E
Budokomi_Mixed,Male,2024,Busia,Busia,E
Budokomi_Mixed,Male,2024,Busia,Busia,E
Budokomi_Mixed,Male,2024,Busia,Busia,E
Budokomi_Mixed,Male,2024,Busia,Busia,D-
Budokomi_Mixed,Male,2024,Busia,Busia,E
Budokomi_Mixed,Male,2024,Busia,Busia,D-
Budokomi_Mixed,Male,2024,Busia,Busia,D-
Budokomi_Mixed,Male,2024,Busia,Busia,D-
Budokomi_Mixed,Male,2024,Busia,Busia,E
Budokomi_Mixed,Male,2024,Busia,Busia,D-
Budokomi_Mixed,Male,2024,Busia,Busia,E
Budokomi_Mixed,Male,2024,Busia,Busia,D-
Budokomi_Mixed,Male,2024,Busia,Busia,D-
Budokomi_Mixed,Male,2024,Busia,Busia,E
Budokomi_Mixed,Male,2024,Busia,Busia,D-
Budokomi_Mixed,Male,2024,Busia,Busia,E
Budokomi_Mixed,Male,2024,Busia,Busia,E
Budokomi_Mixed,Male,2024,Busia,Busia,D-
Budokomi_Mixed,Male,2024,Busia,Busia,E
Budokomi_Mixed,Male,2024,Busia,Busia,D-
Budokomi_Mixed,Male,2024,Busia,Busia,E
Budokomi_Mixed,Male,2024,Busia,Busia,E
Budokomi_Mixed,Male,2024,Busia,Busia,E
Budokomi_Mixed,Male,2024,Busia,Busia,D-
Budokomi_Mixed,Male,2024,Busia,Busia,E
Budokomi_Mixed,Male,2024,Busia,Busia,E
Budokomi_Mixed,Male,2024,Busia,Busia,E
Budokomi_Mixed,Male,2024,Busia,Busia,E
Budokomi_Mixed,Male,2024,Busia,Busia,D-
Budokomi_Mixed,Male,2024,Busia,Busia,E
Budokomi_Mixed,Male,2024,Busia,Busia,E
Budokomi_Mixed,Male,2024,Busia,Busia,E
Budokomi_Mixed,Male,2024,Busia,Busia,E
Budokomi_Mixed,Male,2024,Busia,Busia,E
Budokomi_Mixed,Male,2024,Busia,Busia,E
Budokomi_Mixed,Male,2024,Busia,Busia,E
Budokomi_Mixed,Male,2024,Busia,Busia,E
Budokomi_Mixed,Male,2024,Busia,Busia,E
Budokomi_Mixed,Male,2024,Busia,Busia,E
Budokomi_Mixed,Male,2024,Busia,Busia,E
Budokomi_Mixed,Male,2024,Busia,Busia,E
Budokomi_Mixed,Male,2024,Busia,Busia,E
Budokomi_Mixed,Male,2024,Busia,Busia,E
Budokomi_Mixed,Male,2024,Busia,Busia,E
Budokomi_Mixed,MALE,2022,Busia,Busia,B-
Budokomi_Mixed,MALE,2022,Busia,Busia,B-
Budokomi_Mixed,MALE,2022,Busia,Busia,C+
Budokomi_Mixed,MALE,2022,Busia,Busia,B-
Budokomi_Mixed,MALE,2022,Busia,Busia,B-
Budokomi_Mixed,MALE,2022,Busia,Busia,C+
Budokomi_Mixed,FEMALE,2022,Busia,Busia,D+
Budokomi_Mixed,MALE,2022,Busia,Busia,C+
Budokomi_Mixed,MALE,2022,Busia,Busia,D
Budokomi_Mixed,MALE,2022,Busia,Busia,B-
Budokomi_Mixed,MALE,2022,Busia,Busia,D
Budokomi_Mixed,MALE,2022,Busia,Busia,D
Budokomi_Mixed,FEMALE,2022,Busia,Busia,D
Budokomi_Mixed,MALE,2022,Busia,Busia,C-
Budokomi_Mixed,MALE,2022,Busia,Busia,B-
Budokomi_Mixed,MALE,2022,Busia,Busia,D
Budokomi_Mixed,MALE,2022,Busia,Busia,D-
Budokomi_Mixed,MALE,2022,Busia,Busia,C-
Budokomi_Mixed,MALE,2022,Busia,Busia,D
Budokomi_Mixed,FEMALE,2022,Busia,Busia,D+
Budokomi_Mixed,MALE,2022,Busia,Busia,D-
Budokomi_Mixed,MALE,2022,Busia,Busia,D
Budokomi_Mixed,FEMALE,2022,Busia,Busia,D
Budokomi_Mixed,MALE,2022,Busia,Busia,D
Budokomi_Mixed,FEMALE,2022,Busia,Busia,D
Budokomi_Mixed,FEMALE,2022,Busia,Busia,D
Budokomi_Mixed,FEMALE,2022,Busia,Busia,D-
Budokomi_Mixed,FEMALE,2022,Busia,Busia,E
Budokomi_Mixed,MALE,2022,Busia,Busia,E
Budokomi_Mixed,FEMALE,2022,Busia,Busia,D-
Budokomi_Mixed,FEMALE,2022,Busia,Busia,D-
Budokomi_Mixed,MALE,2022,Busia,Busia,D-
Budokomi_Mixed,FEMALE,2022,Busia,Busia,D
Budokomi_Mixed,FEMALE,2022,Busia,Busia,D-
Budokomi_Mixed,FEMALE,2022,Busia,Busia,E
Budokomi_Mixed,MALE,2022,Busia,Busia,D
Budokomi_Mixed,FEMALE,2022,Busia,Busia,E
Budokomi_Mixed,MALE,2022,Busia,Busia,D-
Budokomi_Mixed,MALE,2022,Busia,Busia,D
Budokomi_Mixed,FEMALE,2022,Busia,Busia,E
Budokomi_Mixed,FEMALE,2022,Busia,Busia,D-
Budokomi_Mixed,MALE,2022,Busia,Busia,E
Budokomi_Mixed,FEMALE,2022,Busia,Busia,E
Budokomi_Mixed,MALE,2022,Busia,Busia,E
Budokomi_Mixed,FEMALE,2022,Busia,Busia,D-
Budokomi_Mixed,FEMALE,2022,Busia,Busia,E
Budokomi_Mixed,FEMALE,2022,Busia,Busia,E
Budokomi_Mixed,MALE,2022,Busia,Busia,E
Budokomi_Mixed,FEMALE,2022,Busia,Busia,E
Budokomi_Mixed,FEMALE,2022,Busia,Busia,D-
Budokomi_Mixed,MALE,2022,Busia,Busia,E
Budokomi_Mixed,MALE,2022,Busia,Busia,D
Budokomi_Mixed,MALE,2022,Busia,Busia,D-
Budokomi_Mixed,MALE,2022,Busia,Busia,E
Budokomi_Mixed,FEMALE,2022,Busia,Busia,E
Budokomi_Mixed,MALE,2022,Busia,Busia,D-
Budokomi_Mixed,MALE,2022,Busia,Busia,E
Budokomi_Mixed,FEMALE,2022,Busia,Busia,E
Budokomi_Mixed,MALE,2022,Busia,Busia,D-
Budokomi_Mixed,MALE,2022,Busia,Busia,E
Budokomi_Mixed,FEMALE,2022,Busia,Busia,E
Budokomi_Mixed,MALE,2022,Busia,Busia,D-
Budokomi_Mixed,MALE,2022,Busia,Busia,D-
Budokomi_Mixed,FEMALE,2022,Busia,Busia,E
Budokomi_Mixed,MALE,2022,Busia,Busia,D-
Budokomi_Mixed,FEMALE,2022,Busia,Busia,E
Budokomi_Mixed,FEMALE,2022,Busia,Busia,E
Budokomi_Mixed,MALE,2022,Busia,Busia,D-
Budokomi_Mixed,FEMALE,2022,Busia,Busia,E
Budokomi_Mixed,FEMALE,2022,Busia,Busia,E
Budokomi_Mixed,FEMALE,2022,Busia,Busia,E
Budokomi_Mixed,FEMALE,2022,Busia,Busia,E
Budokomi_Mixed,MALE,2022,Busia,Busia,D-
Budokomi_Mixed,MALE,2022,Busia,Busia,E
Budokomi_Mixed,MALE,2022,Busia,Busia,E
Budokomi_Mixed,FEMALE,2022,Busia,Busia,E
Budokomi_Mixed,FEMALE,2022,Busia,Busia,E
Budokomi_Mixed,MALE,2022,Busia,Busia,D-
Budokomi_Mixed,FEMALE,2022,Busia,Busia,D-
Budokomi_Mixed,MALE,2022,Busia,Busia,E
Budokomi_Mixed,FEMALE,2022,Busia,Busia,E
Budokomi_Mixed,FEMALE,2022,Busia,Busia,E
Budokomi_Mixed,MALE,2022,Busia,Busia,E
Budokomi_Mixed,FEMALE,2022,Busia,Busia,E
Budokomi_Mixed,FEMALE,2022,Busia,Busia,E
Budokomi_Mixed,FEMALE,2022,Busia,Busia,D
Budokomi_Mixed,MALE,2022,Busia,Busia,D-
Budokomi_Mixed,MALE,2022,Busia,Busia,E
Budokomi_Mixed,MALE,2022,Busia,Busia,E
Budokomi_Mixed,FEMALE,2022,Busia,Busia,E
Budokomi_Mixed,MALE,2022,Busia,Busia,D-
Budokomi_Mixed,MALE,2022,Busia,Busia,D-
Budokomi_Mixed,FEMALE,2022,Busia,Busia,E
Budokomi_Mixed,FEMALE,2022,Busia,Busia,E
Budokomi_Mixed,FEMALE,2022,Busia,Busia,E
Budokomi_Mixed,FEMALE,2022,Busia,Busia,E
Budokomi_Mixed,FEMALE,2022,Busia,Busia,E
Budokomi_Mixed,MALE,2022,Busia,Busia,E
Budokomi_Mixed,MALE,2022,Busia,Busia,E
Budokomi_Mixed,MALE,2022,Busia,Busia,E
Budokomi_Mixed,FEMALE,2022,Busia,Busia,E
Budokomi_Mixed,MALE,2022,Busia,Busia,E
Budokomi_Mixed,FEMALE,2022,Busia,Busia,E
Budokomi_Mixed,FEMALE,2022,Busia,Busia,E
Budokomi_Mixed,MALE,2022,Busia,Busia,E
Budokomi_Mixed,M,2022,Busia,Busia,E
Budokomi_Mixed,MALE,2022,Busia,Busia,E
Budokomi_Mixed,FEMALE,2022,Busia,Busia,E
Budokomi_Mixed,MALE,2022,Busia,Busia,E
Budokomi_Mixed,FEMALE,2022,Busia,Busia,E
Budokomi_Mixed,MALE,2022,Busia,Busia,E
Budokomi_Mixed,FEMALE,2022,Busia,Busia,E
Budokomi_Mixed,FEMALE,2022,Busia,Busia,E
Budokomi_Mixed,FEMALE,2022,Busia,Busia,E
Budokomi_Mixed,FEMALE,2022,Busia,Busia,E
Budokomi_Mixed,FEMALE,2022,Busia,Busia,E
Budokomi_Mixed,FEMALE,2022,Busia,Busia,E
Budokomi_Mixed,MALE,2022,Busia,Busia,E
Budokomi_Mixed,FEMALE,2022,Busia,Busia,D-
Budokomi_Mixed,FEMALE,2022,Busia,Busia,E
Budokomi_Mixed,FEMALE,2022,Busia,Busia,E
Budokomi_Mixed,FEMALE,2022,Busia,Busia,E
Budokomi_Mixed,FEMALE,2022,Busia,Busia,E
Budokomi_Mixed,FEMALE,2022,Busia,Busia,E
Budokomi_Mixed,MALE,2022,Busia,Busia,E
Budokomi_Mixed,MALE,2022,Busia,Busia,E
Budokomi_Mixed,FEMALE,2022,Busia,Busia,E
Budokomi_Mixed,FEMALE,2022,Busia,Busia,E
Budokomi_Mixed,FEMALE,2022,Busia,Busia,E
Budokomi_Mixed,FEMALE,2022,Busia,Busia,E
Budokomi_Mixed,FEMALE,2022,Busia,Busia,E
Budokomi_Mixed,FEMALE,2022,Busia,Busia,E
Budokomi_Mixed,FEMALE,2022,Busia,Busia,E
Budokomi_Mixed,MALE,2022,Busia,Busia,E
Budokomi_Mixed,MALE,2022,Busia,Busia,E
Budokomi_Mixed,FEMALE,2022,Busia,Busia,E
Budokomi_Mixed,MALE,2022,Busia,Busia,E
Budokomi_Mixed,FEMALE,2022,Busia,Busia,E
Budokomi_Mixed,MALE,2022,Busia,Busia,E
Budokomi_Mixed,FEMALE,2022,Busia,Busia,E
Budokomi_Mixed,FEMALE,2022,Busia,Busia,E
Budokomi_Mixed,MALE,2022,Busia,Busia,D-
Budokomi_Mixed,FEMALE,2022,Busia,Busia,E
Budokomi_Mixed,MALE,2022,Busia,Busia,E
Budokomi_Mixed,MALE,2022,Busia,Busia,D-
Budokomi_Mixed,FEMALE,2022,Busia,Busia,E
Budokomi_Mixed,MALE,2022,Busia,Busia,E
Budokomi_Mixed,MALE,2022,Busia,Busia,E
Budokomi_Mixed,MALE,2022,Busia,Busia,E
Budokomi_Mixed,FEMALE,2022,Busia,Busia,E
Budokomi_Mixed,MALE,2022,Busia,Busia,E
Budokomi_Mixed,MALE,2022,Busia,Busia,E
Budokomi_Mixed,MALE,2022,Busia,Busia,E
Budokomi_Mixed,FEMALE,2022,Busia,Busia,E
Budokomi_Mixed,MALE,2022,Busia,Busia,E
Budokomi_Mixed,MALE,2022,Busia,Busia,E
Budokomi_Mixed,MALE,2022,Busia,Busia,E
Budokomi_Mixed,FEMALE,2022,Busia,Busia,E
Budokomi_Mixed,MALE,2022,Busia,Busia,E
Budokomi_Mixed,FEMALE,2022,Busia,Busia,E
Budokomi_Mixed,FEMALE,2022,Busia,Busia,E
Budokomi_Mixed,FEMALE,2022,Busia,Busia,E
Budokomi_Mixed,MALE,2022,Busia,Busia,E
Budokomi_Mixed,MALE,2022,Busia,Busia,E
Budokomi_Mixed,MALE,2022,Busia,Busia,E
Budokomi_Mixed,MALE,2022,Busia,Busia,E
Magunga_Mixed,MALE,2024,Nyakach,Kisumu,B+
Magunga_Mixed,MALE,2024,Nyakach,Kisumu,B-
Magunga_Mixed,MALE,2024,Nyakach,Kisumu,B-
Magunga_Mixed,MALE,2024,Nyakach,Kisumu,B-
Magunga_Mixed,MALE,2024,Nyakach,Kisumu,B-
Magunga_Mixed,FEMALE,2024,Nyakach,Kisumu,B-
Magunga_Mixed,FEMALE,2024,Nyakach,Kisumu,B-
Magunga_Mixed,MALE,2024,Nyakach,Kisumu,C+
Magunga_Mixed,MALE,2024,Nyakach,Kisumu,C+
Magunga_Mixed,MALE,2024,Nyakach,Kisumu,C+
Magunga_Mixed,FEMALE,2024,Nyakach,Kisumu,C+
Magunga_Mixed,FEMALE,2024,Nyakach,Kisumu,C+
Magunga_Mixed,FEMALE,2024,Nyakach,Kisumu,C+
Magunga_Mixed,FEMALE,2024,Nyakach,Kisumu,C+
Magunga_Mixed,MALE,2024,Nyakach,Kisumu,C
Magunga_Mixed,MALE,2024,Nyakach,Kisumu,C
Magunga_Mixed,MALE,2024,Nyakach,Kisumu,C
Magunga_Mixed,MALE,2024,Nyakach,Kisumu,C
Magunga_Mixed,MALE,2024,Nyakach,Kisumu,C
Magunga_Mixed,FEMALE,2024,Nyakach,Kisumu,C
Magunga_Mixed,FEMALE,2024,Nyakach,Kisumu,C
Magunga_Mixed,FEMALE,2024,Nyakach,Kisumu,C
Magunga_Mixed,FEMALE,2024,Nyakach,Kisumu,C
Magunga_Mixed,MALE,2024,Nyakach,Kisumu,C-
Magunga_Mixed,MALE,2024,Nyakach,Kisumu,C-
Magunga_Mixed,MALE,2024,Nyakach,Kisumu,C-
Magunga_Mixed,MALE,2024,Nyakach,Kisumu,C-
Magunga_Mixed,MALE,2024,Nyakach,Kisumu,C-
Magunga_Mixed,MALE,2024,Nyakach,Kisumu,C-
Magunga_Mixed,MALE,2024,Nyakach,Kisumu,C-
Magunga_Mixed,MALE,2024,Nyakach,Kisumu,C-
Magunga_Mixed,FEMALE,2024,Nyakach,Kisumu,C-
Magunga_Mixed,FEMALE,2024,Nyakach,Kisumu,C-
Magunga_Mixed,FEMALE,2024,Nyakach,Kisumu,C-
Magunga_Mixed,FEMALE,2024,Nyakach,Kisumu,C-
Magunga_Mixed,FEMALE,2024,Nyakach,Kisumu,C-
Magunga_Mixed,FEMALE,2024,Nyakach,Kisumu,C-
Magunga_Mixed,MALE,2024,Nyakach,Kisumu,D+
Magunga_Mixed,MALE,2024,Nyakach,Kisumu,D+
Magunga_Mixed,MALE,2024,Nyakach,Kisumu,D+
Magunga_Mixed,MALE,2024,Nyakach,Kisumu,D+
Magunga_Mixed,MALE,2024,Nyakach,Kisumu,D+
Magunga_Mixed,MALE,2024,Nyakach,Kisumu,D+
Magunga_Mixed,MALE,2024,Nyakach,Kisumu,D+
Magunga_Mixed,MALE,2024,Nyakach,Kisumu,D+
Magunga_Mixed,MALE,2024,Nyakach,Kisumu,D+
Magunga_Mixed,MALE,2024,Nyakach,Kisumu,D+
Magunga_Mixed,MALE,2024,Nyakach,Kisumu,D+
Magunga_Mixed,MALE,2024,Nyakach,Kisumu,D+
Magunga_Mixed,MALE,2024,Nyakach,Kisumu,D+
Magunga_Mixed,MALE,2024,Nyakach,Kisumu,D+
Magunga_Mixed,MALE,2024,Nyakach,Kisumu,D+
Magunga_Mixed,FEMALE,2024,Nyakach,Kisumu,D+
Magunga_Mixed,FEMALE,2024,Nyakach,Kisumu,D+
Magunga_Mixed,FEMALE,2024,Nyakach,Kisumu,D+
Magunga_Mixed,FEMALE,2024,Nyakach,Kisumu,D+
Magunga_Mixed,FEMALE,2024,Nyakach,Kisumu,D+
Magunga_Mixed,FEMALE,2024,Nyakach,Kisumu,D+
Magunga_Mixed,FEMALE,2024,Nyakach,Kisumu,D+
Magunga_Mixed,FEMALE,2024,Nyakach,Kisumu,D+
Magunga_Mixed,FEMALE,2024,Nyakach,Kisumu,D+
Magunga_Mixed,FEMALE,2024,Nyakach,Kisumu,D+
Magunga_Mixed,FEMALE,2024,Nyakach,Kisumu,D+
Magunga_Mixed,FEMALE,2024,Nyakach,Kisumu,D+
Magunga_Mixed,FEMALE,2024,Nyakach,Kisumu,D+
Magunga_Mixed,FEMALE,2024,Nyakach,Kisumu,D+
Magunga_Mixed,FEMALE,2024,Nyakach,Kisumu,D+
Magunga_Mixed,FEMALE,2024,Nyakach,Kisumu,D+
Magunga_Mixed,FEMALE,2024,Nyakach,Kisumu,D+
Magunga_Mixed,FEMALE,2024,Nyakach,Kisumu,D+
Magunga_Mixed,FEMALE,2024,Nyakach,Kisumu,D+
Magunga_Mixed,FEMALE,2024,Nyakach,Kisumu,D+
Magunga_Mixed,MALE,2024,Nyakach,Kisumu,D
Magunga_Mixed,MALE,2024,Nyakach,Kisumu,D
Magunga_Mixed,MALE,2024,Nyakach,Kisumu,D
Magunga_Mixed,MALE,2024,Nyakach,Kisumu,D
Magunga_Mixed,MALE,2024,Nyakach,Kisumu,D
Magunga_Mixed,MALE,2024,Nyakach,Kisumu,D
Magunga_Mixed,MALE,2024,Nyakach,Kisumu,D
Magunga_Mixed,MALE,2024,Nyakach,Kisumu,D
Magunga_Mixed,MALE,2024,Nyakach,Kisumu,D
Magunga_Mixed,MALE,2024,Nyakach,Kisumu,D
Magunga_Mixed,MALE,2024,Nyakach,Kisumu,D
Magunga_Mixed,MALE,2024,Nyakach,Kisumu,D
Magunga_Mixed,MALE,2024,Nyakach,Kisumu,D
Magunga_Mixed,MALE,2024,Nyakach,Kisumu,D
Magunga_Mixed,MALE,2024,Nyakach,Kisumu,D
Magunga_Mixed,MALE,2024,Nyakach,Kisumu,D
Magunga_Mixed,MALE,2024,Nyakach,Kisumu,D
Magunga_Mixed,MALE,2024,Nyakach,Kisumu,D
Magunga_Mixed,MALE,2024,Nyakach,Kisumu,D
Magunga_Mixed,MALE,2024,Nyakach,Kisumu,D
Magunga_Mixed,MALE,2024,Nyakach,Kisumu,D
Magunga_Mixed,MALE,2024,Nyakach,Kisumu,D
Magunga_Mixed,MALE,2024,Nyakach,Kisumu,D
Magunga_Mixed,MALE,2024,Nyakach,Kisumu,D
Magunga_Mixed,MALE,2024,Nyakach,Kisumu,D
Magunga_Mixed,MALE,2024,Nyakach,Kisumu,D
Magunga_Mixed,MALE,2024,Nyakach,Kisumu,D
Magunga_Mixed,MALE,2024,Nyakach,Kisumu,D
Magunga_Mixed,MALE,2024,Nyakach,Kisumu,D
Magunga_Mixed,MALE,2024,Nyakach,Kisumu,D
Magunga_Mixed,MALE,2024,Nyakach,Kisumu,D
Magunga_Mixed,MALE,2024,Nyakach,Kisumu,D
Magunga_Mixed,MALE,2024,Nyakach,Kisumu,D
Magunga_Mixed,MALE,2024,Nyakach,Kisumu,D
Magunga_Mixed,MALE,2024,Nyakach,Kisumu,D
Magunga_Mixed,MALE,2024,Nyakach,Kisumu,D
Magunga_Mixed,MALE,2024,Nyakach,Kisumu,D
Magunga_Mixed,MALE,2024,Nyakach,Kisumu,D
Magunga_Mixed,MALE,2024,Nyakach,Kisumu,D
Magunga_Mixed,MALE,2024,Nyakach,Kisumu,D
Magunga_Mixed,MALE,2024,Nyakach,Kisumu,D
Magunga_Mixed,MALE,2024,Nyakach,Kisumu,D
Magunga_Mixed,MALE,2024,Nyakach,Kisumu,D
Magunga_Mixed,MALE,2024,Nyakach,Kisumu,D
Magunga_Mixed,MALE,2024,Nyakach,Kisumu,D
Magunga_Mixed,MALE,2024,Nyakach,Kisumu,D
Magunga_Mixed,MALE,2024,Nyakach,Kisumu,D
Magunga_Mixed,MALE,2024,Nyakach,Kisumu,D
Magunga_Mixed,MALE,2024,Nyakach,Kisumu,D
Magunga_Mixed,MALE,2024,Nyakach,Kisumu,D
Magunga_Mixed,MALE,2024,Nyakach,Kisumu,D
Magunga_Mixed,MALE,2024,Nyakach,Kisumu,D
Magunga_Mixed,MALE,2024,Nyakach,Kisumu,D
Magunga_Mixed,MALE,2024,Nyakach,Kisumu,D
Magunga_Mixed,MALE,2024,Nyakach,Kisumu,D
Magunga_Mixed,MALE,2024,Nyakach,Kisumu,D
Magunga_Mixed,MALE,2024,Nyakach,Kisumu,D
Magunga_Mixed,MALE,2024,Nyakach,Kisumu,D
Magunga_Mixed,MALE,2024,Nyakach,Kisumu,D
Magunga_Mixed,MALE,2024,Nyakach,Kisumu,D
Magunga_Mixed,MALE,2024,Nyakach,Kisumu,D
Magunga_Mixed,MALE,2024,Nyakach,Kisumu,D
Magunga_Mixed,MALE,2024,Nyakach,Kisumu,D
Magunga_Mixed,MALE,2024,Nyakach,Kisumu,D
Magunga_Mixed,MALE,2024,Nyakach,Kisumu,D
Magunga_Mixed,MALE,2024,Nyakach,Kisumu,D
Magunga_Mixed,MALE,2024,Nyakach,Kisumu,D
Magunga_Mixed,MALE,2024,Nyakach,Kisumu,D
Magunga_Mixed,MALE,2024,Nyakach,Kisumu,D
Magunga_Mixed,MALE,2024,Nyakach,Kisumu,D
Magunga_Mixed,MALE,2024,Nyakach,Kisumu,D
Magunga_Mixed,MALE,2024,Nyakach,Kisumu,D
Magunga_Mixed,MALE,2024,Nyakach,Kisumu,D
Magunga_Mixed,MALE,2024,Nyakach,Kisumu,D
Magunga_Mixed,MALE,2024,Nyakach,Kisumu,D
Magunga_Mixed,MALE,2024,Nyakach,Kisumu,D
Magunga_Mixed,MALE,2024,Nyakach,Kisumu,D
Magunga_Mixed,MALE,2024,Nyakach,Kisumu,D
Magunga_Mixed,MALE,2024,Nyakach,Kisumu,D
Magunga_Mixed,MALE,2024,Nyakach,Kisumu,D
Magunga_Mixed,FEMALE,2024,Nyakach,Kisumu,D
Magunga_Mixed,FEMALE,2024,Nyakach,Kisumu,D
Magunga_Mixed,FEMALE,2024,Nyakach,Kisumu,D
Magunga_Mixed,FEMALE,2024,Nyakach,Kisumu,D
Magunga_Mixed,FEMALE,2024,Nyakach,Kisumu,D
Magunga_Mixed,FEMALE,2024,Nyakach,Kisumu,D
Magunga_Mixed,FEMALE,2024,Nyakach,Kisumu,D
Magunga_Mixed,FEMALE,2024,Nyakach,Kisumu,D
Magunga_Mixed,FEMALE,2024,Nyakach,Kisumu,D
Magunga_Mixed,FEMALE,2024,Nyakach,Kisumu,D
Magunga_Mixed,FEMALE,2024,Nyakach,Kisumu,D
Magunga_Mixed,FEMALE,2024,Nyakach,Kisumu,D
Magunga_Mixed,FEMALE,2024,Nyakach,Kisumu,D
Magunga_Mixed,FEMALE,2024,Nyakach,Kisumu,D
Magunga_Mixed,FEMALE,2024,Nyakach,Kisumu,D
Magunga_Mixed,FEMALE,2024,Nyakach,Kisumu,D
Magunga_Mixed,FEMALE,2024,Nyakach,Kisumu,D
Magunga_Mixed,FEMALE,2024,Nyakach,Kisumu,D
Magunga_Mixed,FEMALE,2024,Nyakach,Kisumu,D
Magunga_Mixed,FEMALE,2024,Nyakach,Kisumu,D
Magunga_Mixed,FEMALE,2024,Nyakach,Kisumu,D
Magunga_Mixed,FEMALE,2024,Nyakach,Kisumu,D
Magunga_Mixed,FEMALE,2024,Nyakach,Kisumu,D
Magunga_Mixed,FEMALE,2024,Nyakach,Kisumu,D
Magunga_Mixed,FEMALE,2024,Nyakach,Kisumu,D
Magunga_Mixed,FEMALE,2024,Nyakach,Kisumu,D
Magunga_Mixed,FEMALE,2024,Nyakach,Kisumu,D
Magunga_Mixed,FEMALE,2024,Nyakach,Kisumu,D
Magunga_Mixed,FEMALE,2024,Nyakach,Kisumu,D
Magunga_Mixed,FEMALE,2024,Nyakach,Kisumu,D
Magunga_Mixed,FEMALE,2024,Nyakach,Kisumu,D
Magunga_Mixed,FEMALE,2024,Nyakach,Kisumu,D
Magunga_Mixed,FEMALE,2024,Nyakach,Kisumu,D
Magunga_Mixed,FEMALE,2024,Nyakach,Kisumu,D
Magunga_Mixed,FEMALE,2024,Nyakach,Kisumu,D
Magunga_Mixed,FEMALE,2024,Nyakach,Kisumu,D
Magunga_Mixed,FEMALE,2024,Nyakach,Kisumu,D
Magunga_Mixed,FEMALE,2024,Nyakach,Kisumu,D
Magunga_Mixed,FEMALE,2024,Nyakach,Kisumu,D
Magunga_Mixed,FEMALE,2024,Nyakach,Kisumu,D
Magunga_Mixed,FEMALE,2024,Nyakach,Kisumu,D
Magunga_Mixed,FEMALE,2024,Nyakach,Kisumu,D
Magunga_Mixed,FEMALE,2024,Nyakach,Kisumu,D
Magunga_Mixed,FEMALE,2024,Nyakach,Kisumu,D
Magunga_Mixed,FEMALE,2024,Nyakach,Kisumu,D
Magunga_Mixed,FEMALE,2024,Nyakach,Kisumu,D
Magunga_Mixed,FEMALE,2024,Nyakach,Kisumu,D
Magunga_Mixed,FEMALE,2024,Nyakach,Kisumu,D
Magunga_Mixed,FEMALE,2024,Nyakach,Kisumu,D
Magunga_Mixed,FEMALE,2024,Nyakach,Kisumu,D
Magunga_Mixed,MALE,2024,Nyakach,Kisumu,D-
Magunga_Mixed,MALE,2024,Nyakach,Kisumu,D-
Magunga_Mixed,MALE,2024,Nyakach,Kisumu,D-
Magunga_Mixed,MALE,2024,Nyakach,Kisumu,D-
Magunga_Mixed,MALE,2024,Nyakach,Kisumu,D-
Magunga_Mixed,MALE,2024,Nyakach,Kisumu,D-
Magunga_Mixed,MALE,2024,Nyakach,Kisumu,D-
Magunga_Mixed,MALE,2024,Nyakach,Kisumu,D-
Magunga_Mixed,MALE,2024,Nyakach,Kisumu,D-
Magunga_Mixed,MALE,2024,Nyakach,Kisumu,D-
Magunga_Mixed,MALE,2024,Nyakach,Kisumu,D-
Magunga_Mixed,MALE,2024,Nyakach,Kisumu,D-
Magunga_Mixed,MALE,2024,Nyakach,Kisumu,D-
Magunga_Mixed,MALE,2024,Nyakach,Kisumu,D-
Magunga_Mixed,MALE,2024,Nyakach,Kisumu,D-
Magunga_Mixed,MALE,2024,Nyakach,Kisumu,D-
Magunga_Mixed,MALE,2024,Nyakach,Kisumu,D-
Magunga_Mixed,MALE,2024,Nyakach,Kisumu,D-
Magunga_Mixed,MALE,2024,Nyakach,Kisumu,D-
Magunga_Mixed,MALE,2024,Nyakach,Kisumu,D-
Magunga_Mixed,MALE,2024,Nyakach,Kisumu,D-
Magunga_Mixed,MALE,2024,Nyakach,Kisumu,D-
Magunga_Mixed,MALE,2024,Nyakach,Kisumu,D-
Magunga_Mixed,MALE,2024,Nyakach,Kisumu,D-
Magunga_Mixed,MALE,2024,Nyakach,Kisumu,D-
Magunga_Mixed,MALE,2024,Nyakach,Kisumu,D-
Magunga_Mixed,MALE,2024,Nyakach,Kisumu,D-
Magunga_Mixed,MALE,2024,Nyakach,Kisumu,D-
Magunga_Mixed,MALE,2024,Nyakach,Kisumu,D-
Magunga_Mixed,MALE,2024,Nyakach,Kisumu,D-
Magunga_Mixed,MALE,2024,Nyakach,Kisumu,D-
Magunga_Mixed,MALE,2024,Nyakach,Kisumu,D-
Magunga_Mixed,MALE,2024,Nyakach,Kisumu,D-
Magunga_Mixed,MALE,2024,Nyakach,Kisumu,D-
Magunga_Mixed,MALE,2024,Nyakach,Kisumu,D-
Magunga_Mixed,MALE,2024,Nyakach,Kisumu,D-
Magunga_Mixed,MALE,2024,Nyakach,Kisumu,D-
Magunga_Mixed,MALE,2024,Nyakach,Kisumu,D-
Magunga_Mixed,MALE,2024,Nyakach,Kisumu,D-
Magunga_Mixed,MALE,2024,Nyakach,Kisumu,D-
Magunga_Mixed,MALE,2024,Nyakach,Kisumu,D-
Magunga_Mixed,MALE,2024,Nyakach,Kisumu,D-
Magunga_Mixed,MALE,2024,Nyakach,Kisumu,D-
Magunga_Mixed,MALE,2024,Nyakach,Kisumu,D-
Magunga_Mixed,MALE,2024,Nyakach,Kisumu,D-
Magunga_Mixed,MALE,2024,Nyakach,Kisumu,D-
Magunga_Mixed,MALE,2024,Nyakach,Kisumu,D-
Magunga_Mixed,MALE,2024,Nyakach,Kisumu,D-
Magunga_Mixed,MALE,2024,Nyakach,Kisumu,D-
Magunga_Mixed,MALE,2024,Nyakach,Kisumu,D-
Magunga_Mixed,MALE,2024,Nyakach,Kisumu,D-
Magunga_Mixed,MALE,2024,Nyakach,Kisumu,D-
Magunga_Mixed,MALE,2024,Nyakach,Kisumu,D-
Magunga_Mixed,MALE,2024,Nyakach,Kisumu,D-
Magunga_Mixed,MALE,2024,Nyakach,Kisumu,D-
Magunga_Mixed,MALE,2024,Nyakach,Kisumu,D-
Magunga_Mixed,MALE,2024,Nyakach,Kisumu,D-
Magunga_Mixed,MALE,2024,Nyakach,Kisumu,D-
Magunga_Mixed,MALE,2024,Nyakach,Kisumu,D-
Magunga_Mixed,MALE,2024,Nyakach,Kisumu,D-
Magunga_Mixed,MALE,2024,Nyakach,Kisumu,D-
Magunga_Mixed,MALE,2024,Nyakach,Kisumu,D-
Magunga_Mixed,MALE,2024,Nyakach,Kisumu,D-
Magunga_Mixed,MALE,2024,Nyakach,Kisumu,D-
Magunga_Mixed,MALE,2024,Nyakach,Kisumu,D-
Magunga_Mixed,MALE,2024,Nyakach,Kisumu,D-
Magunga_Mixed,MALE,2024,Nyakach,Kisumu,D-
Magunga_Mixed,MALE,2024,Nyakach,Kisumu,D-
Magunga_Mixed,MALE,2024,Nyakach,Kisumu,D-
Magunga_Mixed,MALE,2024,Nyakach,Kisumu,D-
Magunga_Mixed,MALE,2024,Nyakach,Kisumu,D-
Magunga_Mixed,MALE,2024,Nyakach,Kisumu,D-
Magunga_Mixed,MALE,2024,Nyakach,Kisumu,D-
Magunga_Mixed,MALE,2024,Nyakach,Kisumu,D-
Magunga_Mixed,MALE,2024,Nyakach,Kisumu,D-
Magunga_Mixed,MALE,2024,Nyakach,Kisumu,D-
Magunga_Mixed,MALE,2024,Nyakach,Kisumu,D-
Magunga_Mixed,MALE,2024,Nyakach,Kisumu,D-
Magunga_Mixed,MALE,2024,Nyakach,Kisumu,D-
Magunga_Mixed,MALE,2024,Nyakach,Kisumu,D-
Magunga_Mixed,MALE,2024,Nyakach,Kisumu,D-
Magunga_Mixed,MALE,2024,Nyakach,Kisumu,D-
Magunga_Mixed,MALE,2024,Nyakach,Kisumu,D-
Magunga_Mixed,MALE,2024,Nyakach,Kisumu,D-
Magunga_Mixed,MALE,2024,Nyakach,Kisumu,D-
Magunga_Mixed,MALE,2024,Nyakach,Kisumu,D-
Magunga_Mixed,MALE,2024,Nyakach,Kisumu,D-
Magunga_Mixed,MALE,2024,Nyakach,Kisumu,D-
Magunga_Mixed,MALE,2024,Nyakach,Kisumu,D-
Magunga_Mixed,MALE,2024,Nyakach,Kisumu,D-
Magunga_Mixed,FEMALE,2024,Nyakach,Kisumu,D-
Magunga_Mixed,FEMALE,2024,Nyakach,Kisumu,D-
Magunga_Mixed,FEMALE,2024,Nyakach,Kisumu,D-
Magunga_Mixed,FEMALE,2024,Nyakach,Kisumu,D-
Magunga_Mixed,FEMALE,2024,Nyakach,Kisumu,D-
Magunga_Mixed,FEMALE,2024,Nyakach,Kisumu,D-
Magunga_Mixed,FEMALE,2024,Nyakach,Kisumu,D-
Magunga_Mixed,FEMALE,2024,Nyakach,Kisumu,D-
Magunga_Mixed,FEMALE,2024,Nyakach,Kisumu,D-
Magunga_Mixed,FEMALE,2024,Nyakach,Kisumu,D-
Magunga_Mixed,FEMALE,2024,Nyakach,Kisumu,D-
Magunga_Mixed,FEMALE,2024,Nyakach,Kisumu,D-
Magunga_Mixed,FEMALE,2024,Nyakach,Kisumu,D-
Magunga_Mixed,FEMALE,2024,Nyakach,Kisumu,D-
Magunga_Mixed,FEMALE,2024,Nyakach,Kisumu,D-
Magunga_Mixed,FEMALE,2024,Nyakach,Kisumu,D-
Magunga_Mixed,FEMALE,2024,Nyakach,Kisumu,D-
Magunga_Mixed,FEMALE,2024,Nyakach,Kisumu,D-
Magunga_Mixed,FEMALE,2024,Nyakach,Kisumu,D-
Magunga_Mixed,FEMALE,2024,Nyakach,Kisumu,D-
Magunga_Mixed,FEMALE,2024,Nyakach,Kisumu,D-
Magunga_Mixed,FEMALE,2024,Nyakach,Kisumu,D-
Magunga_Mixed,FEMALE,2024,Nyakach,Kisumu,D-
Magunga_Mixed,FEMALE,2024,Nyakach,Kisumu,D-
Magunga_Mixed,FEMALE,2024,Nyakach,Kisumu,D-
Magunga_Mixed,FEMALE,2024,Nyakach,Kisumu,D-
Magunga_Mixed,FEMALE,2024,Nyakach,Kisumu,D-
Magunga_Mixed,FEMALE,2024,Nyakach,Kisumu,D-
Magunga_Mixed,FEMALE,2024,Nyakach,Kisumu,D-
Magunga_Mixed,FEMALE,2024,Nyakach,Kisumu,D-
Magunga_Mixed,FEMALE,2024,Nyakach,Kisumu,D-
Magunga_Mixed,FEMALE,2024,Nyakach,Kisumu,D-
Magunga_Mixed,FEMALE,2024,Nyakach,Kisumu,D-
Magunga_Mixed,FEMALE,2024,Nyakach,Kisumu,D-
Magunga_Mixed,FEMALE,2024,Nyakach,Kisumu,D-
Magunga_Mixed,FEMALE,2024,Nyakach,Kisumu,D-
Magunga_Mixed,FEMALE,2024,Nyakach,Kisumu,D-
Magunga_Mixed,FEMALE,2024,Nyakach,Kisumu,D-
Magunga_Mixed,FEMALE,2024,Nyakach,Kisumu,D-
Magunga_Mixed,FEMALE,2024,Nyakach,Kisumu,D-
Magunga_Mixed,FEMALE,2024,Nyakach,Kisumu,D-
Magunga_Mixed,FEMALE,2024,Nyakach,Kisumu,D-
Magunga_Mixed,FEMALE,2024,Nyakach,Kisumu,D-
Magunga_Mixed,FEMALE,2024,Nyakach,Kisumu,D-
Magunga_Mixed,FEMALE,2024,Nyakach,Kisumu,D-
Magunga_Mixed,FEMALE,2024,Nyakach,Kisumu,D-
Magunga_Mixed,FEMALE,2024,Nyakach,Kisumu,D-
Magunga_Mixed,FEMALE,2024,Nyakach,Kisumu,D-
Magunga_Mixed,FEMALE,2024,Nyakach,Kisumu,D-
Magunga_Mixed,FEMALE,2024,Nyakach,Kisumu,D-
Magunga_Mixed,FEMALE,2024,Nyakach,Kisumu,D-
Magunga_Mixed,FEMALE,2024,Nyakach,Kisumu,D-
Magunga_Mixed,FEMALE,2024,Nyakach,Kisumu,D-
Magunga_Mixed,MALE,2024,Nyakach,Kisumu,E
Magunga_Mixed,MALE,2024,Nyakach,Kisumu,E
Magunga_Mixed,MALE,2024,Nyakach,Kisumu,E
Magunga_Mixed,MALE,2024,Nyakach,Kisumu,E
Magunga_Mixed,MALE,2024,Nyakach,Kisumu,E
Magunga_Mixed,MALE,2024,Nyakach,Kisumu,E
Magunga_Mixed,MALE,2024,Nyakach,Kisumu,E
Magunga_Mixed,MALE,2024,Nyakach,Kisumu,E
Magunga_Mixed,MALE,2024,Nyakach,Kisumu,E
Magunga_Mixed,MALE,2024,Nyakach,Kisumu,E
Magunga_Mixed,MALE,2024,Nyakach,Kisumu,E
Magunga_Mixed,MALE,2024,Nyakach,Kisumu,E
Magunga_Mixed,MALE,2024,Nyakach,Kisumu,E
Magunga_Mixed,MALE,2024,Nyakach,Kisumu,E
Magunga_Mixed,FEMALE,2024,Nyakach,Kisumu,E
Magunga_Mixed,FEMALE,2024,Nyakach,Kisumu,E
Magunga_Mixed,FEMALE,2024,Nyakach,Kisumu,E
Magunga_Mixed,FEMALE,2024,Nyakach,Kisumu,E
Magunga_Mixed,FEMALE,2024,Nyakach,Kisumu,E
Magunga_Mixed,FEMALE,2024,Nyakach,Kisumu,E
Magunga_Mixed,FEMALE,2024,Nyakach,Kisumu,E
Magunga_Mixed,FEMALE,2024,Nyakach,Kisumu,E
Magunga_Mixed,FEMALE,2024,Nyakach,Kisumu,E
Magunga_Mixed,FEMALE,2024,Nyakach,Kisumu,E
Magunga_Mixed,FEMALE,2024,Nyakach,Kisumu,E
Magunga_Mixed,FEMALE,2024,Nyakach,Kisumu,E
Magunga_Mixed,FEMALE,2024,Nyakach,Kisumu,E
Magunga_Mixed,FEMALE,2024,Nyakach,Kisumu,E
Magunga_Mixed,FEMALE,2024,Nyakach,Kisumu,E
Magunga_Mixed,FEMALE,2024,Nyakach,Kisumu,E
Magunga_Mixed,FEMALE,2024,Nyakach,Kisumu,E
Magunga_Mixed,FEMALE,2024,Nyakach,Kisumu,E
Magunga_Mixed,FEMALE,2024,Nyakach,Kisumu,E
Magunga_Mixed,FEMALE,2024,Nyakach,Kisumu,E
Magunga_Mixed,FEMALE,2024,Nyakach,Kisumu,E
Magunga_Mixed,FEMALE,2024,Nyakach,Kisumu,E
Magunga_Mixed,FEMALE,2024,Nyakach,Kisumu,E
Magunga_Mixed,FEMALE,2024,Nyakach,Kisumu,E
Magunga_Mixed,FEMALE,2024,Nyakach,Kisumu,E
Magunga_Mixed,FEMALE,2024,Nyakach,Kisumu,E
Magunga_Mixed,FEMALE,2024,Nyakach,Kisumu,E
Magunga_Mixed,FEMALE,2024,Nyakach,Kisumu,E
Magunga_Mixed,FEMALE,2024,Nyakach,Kisumu,E
Magunga_Mixed,FEMALE,2024,Nyakach,Kisumu,E
