SCHOOL,GENDER,EXAM_YEAR,SUB-COUNTY,COUNTY,GRADE,GRADE_POINTS
Malele_Mixed,MALE,2024,Wagai,siaya,B+,10.0
Malele_Mixed,MALE,2024,Wagai,siaya,A,12.0
Malele_Mixed,MALE,2024,Wagai,siaya,C-,5.0
Malele_Mixed,MALE,2024,Wagai,siaya,B-,8.0
Malele_Mixed,FEMALE,2024,Wagai,siaya,D+,4.0
Malele_Mixed,FEMALE,2024,Wagai,siaya,C,6.0
Malele_Mixed,MALE,2024,Wagai,siaya,D,3.0
Malele_Mixed,FEMALE,2024,Wagai,siaya,D+,4.0
Malele_Mixed,MALE,2024,Wagai,siaya,D+,4.0
Malele_Mixed,FEMALE,2024,Wagai,siaya,C-,5.0
Malele_Mixed,FEMALE,2024,Wagai,siaya,D,3.0
Malele_Mixed,FEMALE,2024,Wagai,siaya,D+,4.0
Malele_Mixed,FEMALE,2024,Wagai,siaya,D-,2.0
Malele_Mixed,MALE,2024,Wagai,siaya,D,3.0
Malele_Mixed,MALE,2024,Wagai,siaya,C,6.0
Malele_Mixed,MALE,2024,Wagai,siaya,D,3.0
Malele_Mixed,FEMALE,2024,Wagai,siaya,D+,4.0
Malele_Mixed,FEMALE,2024,Wagai,siaya,D-,2.0
Malele_Mixed,FEMALE,2024,Wagai,siaya,D-,2.0
Malele_Mixed,FEMALE,2024,Wagai,siaya,D+,4.0
Malele_Mixed,MALE,2024,Wagai,siaya,D-,2.0
Malele_Mixed,MALE,2024,Wagai,siaya,D+,4.0
Malele_Mixed,MALE,2024,Wagai,siaya,A-,11.0
Malele_Mixed,MALE,2024,Wagai,siaya,D,3.0
Malele_Mixed,FEMALE,2024,Wagai,siaya,D,3.0
Malele_Mixed,FEMALE,2024,Wagai,siaya,D,3.0
Malele_Mixed,FEMALE,2024,Wagai,siaya,D,3.0
Malele_Mixed,MALE,2024,Wagai,siaya,C-,5.0
Malele_Mixed,MALE,2024,Wagai,siaya,D,3.0
Malele_Mixed,MALE,2024,Wagai,siaya,C-,5.0
Malele_Mixed,FEMALE,2024,Wagai,siaya,D+,4.0
Malele_Mixed,MALE,2024,Wagai,siaya,C+,7.0
Malele_Mixed,FEMALE,2024,Wagai,siaya,D-,2.0
Malele_Mixed,MALE,2024,Wagai,siaya,D-,2.0
Malele_Mixed,FEMALE,2024,Wagai,siaya,D-,2.0
Malele_Mixed,MALE,2024,Wagai,siaya,D-,2.0
Malele_Mixed,MALE,2024,Wagai,siaya,D+,4.0
Malele_Mixed,MALE,2024,Wagai,siaya,C-,5.0
Malele_Mixed,FEMALE,2024,Wagai,siaya,D,3.0
Malele_Mixed,MALE,2024,Wagai,siaya,D,3.0
Malele_Mixed,MALE,2024,Wagai,siaya,D,3.0
Malele_Mixed,FEMALE,2024,Wagai,siaya,D-,2.0
Malele_Mixed,FEMALE,2024,Wagai,siaya,E,1.0
Malele_Mixed,MALE,2024,Wagai,siaya,D,3.0
Malele_Mixed,FEMALE,2024,Wagai,siaya,D-,2.0
Malele_Mixed,FEMALE,2024,Wagai,siaya,D-,2.0
Malele_Mixed,FEMALE,2024,Wagai,siaya,D-,2.0
Malele_Mixed,FEMALE,2024,Wagai,siaya,D-,2.0
Malele_Mixed,MALE,2024,Wagai,siaya,D-,2.0
Malele_Mixed,FEMALE,2024,Wagai,siaya,D-,2.0
Malele_Mixed,FEMALE,2024,Wagai,siaya,D-,2.0
Malele_Mixed,MALE,2024,Wagai,siaya,D-,2.0
Malele_Mixed,MALE,2024,Wagai,siaya,D-,2.0
Malele_Mixed,FEMALE,2024,Wagai,siaya,D-,2.0
Malele_Mixed,FEMALE,2024,Wagai,siaya,D-,2.0
Malele_Mixed,FEMALE,2024,Wagai,siaya,E,1.0
Malele_Mixed,MALE,2024,Wagai,siaya,E,1.0
Malele_Mixed,FEMALE,2024,Wagai,siaya,E,1.0
Malele_Mixed,MALE,2024,Wagai,siaya,D-,2.0
Malele_Mixed,FEMALE,2024,Wagai,siaya,D-,2.0
Malele_Mixed,FEMALE,2024,Wagai,siaya,D,3.0
Malele_Mixed,MALE,2024,Wagai,siaya,E,1.0
Malele_Mixed,FEMALE,2024,Wagai,siaya,E,1.0
Malele_Mixed,FEMALE,2024,Wagai,siaya,D-,2.0
Malele_Mixed,MALE,2024,Wagai,siaya,D,3.0
Malele_Mixed,MALE,2024,Wagai,siaya,D-,2.0
Malele_Mixed,MALE,2024,Wagai,siaya,D-,2.0
Malele_Mixed,MALE,2024,Wagai,siaya,E,1.0
Malele_Mixed,FEMALE,2024,Wagai,siaya,E,1.0
Malele_Mixed,MALE,2024,Wagai,siaya,D,3.0
Malele_Mixed,FEMALE,2024,Wagai,siaya,D,3.0
Malele_Mixed,MALE,2024,Wagai,siaya,E,1.0
Malele_Mixed,FEMALE,2024,Wagai,siaya,E,1.0
Malele_Mixed,MALE,2024,Wagai,siaya,D,3.0
Malele_Mixed,MALE,2024,Wagai,siaya,E,1.0
Malele_Mixed,FEMALE,2024,Wagai,siaya,D,3.0
Malele_Mixed,MALE,2024,Wagai,siaya,E,1.0
Malele_Mixed,FEMALE,2024,Wagai,siaya,E,1.0
Malele_Mixed,FEMALE,2024,Wagai,siaya,E,1.0
Malele_Mixed,MALE,2024,Wagai,siaya,D-,2.0
Malele_Mixed,FEMALE,2024,Wagai,siaya,E,1.0
Malele_Mixed,FEMALE,2024,Wagai,siaya,E,1.0
Malele_Mixed,MALE,2024,Wagai,siaya,D,3.0
Malele_Mixed,FEMALE,2024,Wagai,siaya,D-,2.0
Malele_Mixed,MALE,2024,Wagai,siaya,D-,2.0
Malele_Mixed,FEMALE,2024,Wagai,siaya,E,1.0
Malele_Mixed,FEMALE,2024,Wagai,siaya,E,1.0
Malele_Mixed,FEMALE,2024,Wagai,siaya,E,1.0
Malele_Mixed,MALE,2024,Wagai,siaya,D-,2.0
Malele_Mixed,FEMALE,2024,Wagai,siaya,D+,4.0
Malele_Mixed,FEMALE,2024,Wagai,siaya,E,1.0
Malele_Mixed,MALE,2024,Wagai,siaya,E,1.0
Malele_Mixed,MALE,2024,Wagai,siaya,D,3.0
Malele_Mixed,MALE,2024,Wagai,siaya,D,3.0
Malele_Mixed,FEMALE,2024,Wagai,siaya,E,1.0
Malele_Mixed,FEMALE,2024,Wagai,siaya,D-,2.0
Malele_Mixed,FEMALE,2024,Wagai,siaya,D-,2.0
Malele_Mixed,FEMALE,2024,Wagai,siaya,E,1.0
Malele_Mixed,FEMALE,2024,Wagai,siaya,E,1.0
Malele_Mixed,FEMALE,2024,Wagai,siaya,E,1.0
Malele_Mixed,FEMALE,2024,Wagai,siaya,E,1.0
Malele_Mixed,FEMALE,2024,Wagai,siaya,E,1.0
Malele_Mixed,FEMALE,2024,Wagai,siaya,E,1.0
Malele_Mixed,FEMALE,2024,Wagai,siaya,D-,2.0
Malele_Mixed,FEMALE,2024,Wagai,siaya,E,1.0
Malele_Mixed,FEMALE,2024,Wagai,siaya,E,1.0
Malele_Mixed,MALE,2024,Wagai,siaya,D-,2.0
Malele_Mixed,FEMALE,2024,Wagai,siaya,E,1.0
Malele_Mixed,FEMALE,2024,Wagai,siaya,D-,2.0
Malele_Mixed,FEMALE,2024,Wagai,siaya,E,1.0
Malele_Mixed,MALE,2023,Wagai,siaya,A,12.0
Malele_Mixed,MALE,2023,Wagai,siaya,B+,10.0
Malele_Mixed,MALE,2023,Wagai,siaya,D+,4.0
Malele_Mixed,MALE,2023,Wagai,siaya,C+,7.0
Malele_Mixed,MALE,2023,Wagai,siaya,B-,8.0
Malele_Mixed,MALE,2023,Wagai,siaya,D,3.0
Malele_Mixed,FEMALE,2023,Wagai,siaya,D,3.0
Malele_Mixed,MALE,2023,Wagai,siaya,D-,2.0
Malele_Mixed,FEMALE,2023,Wagai,siaya,D-,2.0
Malele_Mixed,MALE,2023,Wagai,siaya,B-,8.0
Malele_Mixed,MALE,2023,Wagai,siaya,D,3.0
Malele_Mixed,FEMALE,2023,Wagai,siaya,D-,2.0
Malele_Mixed,FEMALE,2023,Wagai,siaya,D,3.0
Malele_Mixed,FEMALE,2023,Wagai,siaya,D+,4.0
Malele_Mixed,MALE,2023,Wagai,siaya,D,3.0
Malele_Mixed,MALE,2023,Wagai,siaya,D,3.0
Malele_Mixed,FEMALE,2023,Wagai,siaya,D-,2.0
Malele_Mixed,MALE,2023,Wagai,siaya,D,3.0
Malele_Mixed,MALE,2023,Wagai,siaya,E,1.0
Malele_Mixed,MALE,2023,Wagai,siaya,D+,4.0
Malele_Mixed,MALE,2023,Wagai,siaya,D,3.0
Malele_Mixed,FEMALE,2023,Wagai,siaya,D-,2.0
Malele_Mixed,MALE,2023,Wagai,siaya,D,3.0
Malele_Mixed,FEMALE,2023,Wagai,siaya,E,1.0
Malele_Mixed,FEMALE,2023,Wagai,siaya,D-,2.0
Malele_Mixed,FEMALE,2023,Wagai,siaya,D-,2.0
Malele_Mixed,MALE,2023,Wagai,siaya,D+,4.0
Malele_Mixed,FEMALE,2023,Wagai,siaya,C-,5.0
Malele_Mixed,FEMALE,2023,Wagai,siaya,D-,2.0
Malele_Mixed,MALE,2023,Wagai,siaya,E,1.0
Malele_Mixed,MALE,2023,Wagai,siaya,D-,2.0
Malele_Mixed,MALE,2023,Wagai,siaya,D-,2.0
Malele_Mixed,FEMALE,2023,Wagai,siaya,D-,2.0
Malele_Mixed,MALE,2023,Wagai,siaya,E,1.0
Malele_Mixed,MALE,2023,Wagai,siaya,D-,2.0
Malele_Mixed,MALE,2023,Wagai,siaya,D,3.0
Malele_Mixed,FEMALE,2023,Wagai,siaya,D-,2.0
Malele_Mixed,MALE,2023,Wagai,siaya,D,3.0
Malele_Mixed,FEMALE,2023,Wagai,siaya,E,1.0
Malele_Mixed,FEMALE,2023,Wagai,siaya,D+,4.0
Malele_Mixed,FEMALE,2023,Wagai,siaya,E,1.0
Malele_Mixed,FEMALE,2023,Wagai,siaya,E,1.0
Malele_Mixed,MALE,2023,Wagai,siaya,E,1.0
Malele_Mixed,FEMALE,2023,Wagai,siaya,E,1.0
Malele_Mixed,MALE,2023,Wagai,siaya,D,3.0
Malele_Mixed,MALE,2023,Wagai,siaya,E,1.0
Malele_Mixed,MALE,2023,Wagai,siaya,D-,2.0
Malele_Mixed,FEMALE,2023,Wagai,siaya,E,1.0
Malele_Mixed,MALE,2023,Wagai,siaya,E,1.0
Malele_Mixed,FEMALE,2023,Wagai,siaya,D-,2.0
Malele_Mixed,FEMALE,2023,Wagai,siaya,E,1.0
Malele_Mixed,FEMALE,2023,Wagai,siaya,E,1.0
Malele_Mixed,FEMALE,2023,Wagai,siaya,E,1.0
Malele_Mixed,FEMALE,2023,Wagai,siaya,E,1.0
Malele_Mixed,MALE,2023,Wagai,siaya,D-,2.0
Malele_Mixed,MALE,2023,Wagai,siaya,E,1.0
Malele_Mixed,FEMALE,2023,Wagai,siaya,E,1.0
Malele_Mixed,FEMALE,2023,Wagai,siaya,E,1.0
Malele_Mixed,FEMALE,2023,Wagai,siaya,E,1.0
Malele_Mixed,MALE,2023,Wagai,siaya,E,1.0
Malele_Mixed,MALE,2023,Wagai,siaya,E,1.0
Malele_Mixed,FEMALE,2023,Wagai,siaya,E,1.0
Malele_Mixed,MALE,2023,Wagai,siaya,E,1.0
Malele_Mixed,FEMALE,2023,Wagai,siaya,E,1.0
Malele_Mixed,FEMALE,2023,Wagai,siaya,E,1.0
Malele_Mixed,MALE,2023,Wagai,siaya,E,1.0
Malele_Mixed,FEMALE,2023,Wagai,siaya,E,1.0
Malele_Mixed,FEMALE,2023,Wagai,siaya,E,1.0
Malele_Mixed,FEMALE,2023,Wagai,siaya,E,1.0
Malele_Mixed,FEMALE,2023,Wagai,siaya,E,1.0
Malele_Mixed,MALE,2023,Wagai,siaya,E,1.0
Malele_Mixed,MALE,2023,Wagai,siaya,E,1.0
Malele_Mixed,MALE,2023,Wagai,siaya,E,1.0
Malele_Mixed,FEMALE,2023,Wagai,siaya,E,1.0
Malele_Mixed,FEMALE,2023,Wagai,siaya,E,1.0
Malele_Mixed,MALE,2023,Wagai,siaya,E,1.0
Malele_Mixed,MALE,2023,Wagai,siaya,E,1.0
Malele_Mixed,MALE,2023,Wagai,siaya,E,1.0
Malele_Mixed,MALE,2023,Wagai,siaya,E,1.0
Malele_Mixed,FEMALE,2023,Wagai,siaya,E,1.0
Malele_Mixed,FEMALE,2023,Wagai,siaya,E,1.0
Malele_Mixed,MALE,2023,Wagai,siaya,E,1.0
Malele_Mixed,MALE,2023,Wagai,siaya,E,1.0
Malele_Mixed,FEMALE,2023,Wagai,siaya,E,1.0
Malele_Mixed,FEMALE,2023,Wagai,siaya,E,1.0
Malele_Mixed,FEMALE,2023,Wagai,siaya,E,1.0
Malele_Mixed,FEMALE,2023,Wagai,siaya,E,1.0
Malele_Mixed,MALE,2023,Wagai,siaya,E,1.0
Malele_Mixed,FEMALE,2023,Wagai,siaya,E,1.0
Malele_Mixed,MALE,2023,Wagai,siaya,E,1.0
Malele_Mixed,MALE,2023,Wagai,siaya,E,1.0
Malele_Mixed,FEMALE,2023,Wagai,siaya,E,1.0
Malele_Mixed,MALE,2023,Wagai,siaya,E,1.0
Malele_Mixed,MALE,2023,Wagai,siaya,E,1.0
Malele_Mixed,FEMALE,2023,Wagai,siaya,E,1.0
Malele_Mixed,MALE,2023,Wagai,siaya,E,1.0
Malele_Mixed,MALE,2022,Wagai,siaya,C+,7.0
Malele_Mixed,MALE,2022,Wagai,siaya,C,6.0
Malele_Mixed,FEMALE,2022,Wagai,siaya,D,3.0
Malele_Mixed,FEMALE,2022,Wagai,siaya,D,3.0
Malele_Mixed,FEMALE,2022,Wagai,siaya,D,3.0
Malele_Mixed,FEMALE,2022,Wagai,siaya,D-,2.0
Malele_Mixed,MALE,2022,Wagai,siaya,D+,4.0
Malele_Mixed,MALE,2022,Wagai,siaya,D-,2.0
Malele_Mixed,MALE,2022,Wagai,siaya,D,3.0
Malele_Mixed,MALE,2022,Wagai,siaya,C-,5.0
Malele_Mixed,MALE,2022,Wagai,siaya,D-,2.0
Malele_Mixed,FEMALE,2022,Wagai,siaya,D,3.0
Malele_Mixed,FEMALE,2022,Wagai,siaya,D-,2.0
Malele_Mixed,MALE,2022,Wagai,siaya,D-,2.0
Malele_Mixed,MALE,2022,Wagai,siaya,D,3.0
Malele_Mixed,FEMALE,2022,Wagai,siaya,D+,4.0
Malele_Mixed,MALE,2022,Wagai,siaya,D,3.0
Malele_Mixed,MALE,2022,Wagai,siaya,E,1.0
Malele_Mixed,MALE,2022,Wagai,siaya,E,1.0
Malele_Mixed,FEMALE,2022,Wagai,siaya,D-,2.0
Malele_Mixed,MALE,2022,Wagai,siaya,C-,5.0
Malele_Mixed,FEMALE,2022,Wagai,siaya,D,3.0
Malele_Mixed,MALE,2022,Wagai,siaya,D,3.0
Malele_Mixed,MALE,2022,Wagai,siaya,E,1.0
Malele_Mixed,MALE,2022,Wagai,siaya,D-,2.0
Malele_Mixed,FEMALE,2022,Wagai,siaya,E,1.0
Malele_Mixed,MALE,2022,Wagai,siaya,C-,5.0
Malele_Mixed,FEMALE,2022,Wagai,siaya,E,1.0
Malele_Mixed,MALE,2022,Wagai,siaya,D-,2.0
Malele_Mixed,MALE,2022,Wagai,siaya,E,1.0
Malele_Mixed,MALE,2022,Wagai,siaya,E,1.0
Malele_Mixed,MALE,2022,Wagai,siaya,D,3.0
Malele_Mixed,MALE,2022,Wagai,siaya,D,3.0
Malele_Mixed,MALE,2022,Wagai,siaya,D-,2.0
Malele_Mixed,FEMALE,2022,Wagai,siaya,E,1.0
Malele_Mixed,MALE,2022,Wagai,siaya,D-,2.0
Malele_Mixed,MALE,2022,Wagai,siaya,D,3.0
Malele_Mixed,MALE,2022,Wagai,siaya,E,1.0
Malele_Mixed,FEMALE,2022,Wagai,siaya,E,1.0
Malele_Mixed,MALE,2022,Wagai,siaya,D-,2.0
Malele_Mixed,MALE,2022,Wagai,siaya,E,1.0
Malele_Mixed,MALE,2022,Wagai,siaya,D-,2.0
Malele_Mixed,FEMALE,2022,Wagai,siaya,E,1.0
Malele_Mixed,MALE,2022,Wagai,siaya,D,3.0
Malele_Mixed,MALE,2022,Wagai,siaya,E,1.0
Malele_Mixed,FEMALE,2022,Wagai,siaya,D-,2.0
Malele_Mixed,MALE,2022,Wagai,siaya,D-,2.0
Malele_Mixed,FEMALE,2022,Wagai,siaya,D-,2.0
Malele_Mixed,MALE,2022,Wagai,siaya,E,1.0
Malele_Mixed,MALE,2022,Wagai,siaya,E,1.0
Malele_Mixed,FEMALE,2022,Wagai,siaya,D,3.0
Malele_Mixed,FEMALE,2022,Wagai,siaya,E,1.0
Malele_Mixed,MALE,2022,Wagai,siaya,E,1.0
Malele_Mixed,MALE,2022,Wagai,siaya,E,1.0
Malele_Mixed,MALE,2022,Wagai,siaya,E,1.0
Malele_Mixed,FEMALE,2022,Wagai,siaya,D-,2.0
Malele_Mixed,FEMALE,2022,Wagai,siaya,E,1.0
Malele_Mixed,MALE,2022,Wagai,siaya,D-,2.0
Malele_Mixed,MALE,2022,Wagai,siaya,D-,2.0
Malele_Mixed,MALE,2022,Wagai,siaya,E,1.0
Malele_Mixed,FEMALE,2022,Wagai,siaya,E,1.0
Malele_Mixed,MALE,2022,Wagai,siaya,E,1.0
Malele_Mixed,FEMALE,2022,Wagai,siaya,E,1.0
Malele_Mixed,MALE,2022,Wagai,siaya,D,3.0
Malele_Mixed,FEMALE,2022,Wagai,siaya,E,1.0
Malele_Mixed,MALE,2022,Wagai,siaya,E,1.0
Malele_Mixed,MALE,2022,Wagai,siaya,E,1.0
Malele_Mixed,MALE,2022,Wagai,siaya,D-,2.0
Malele_Mixed,FEMALE,2022,Wagai,siaya,E,1.0
Malele_Mixed,MALE,2022,Wagai,siaya,E,1.0
Malele_Mixed,FEMALE,2022,Wagai,siaya,E,1.0
Malele_Mixed,MALE,2022,Wagai,siaya,E,1.0
Malele_Mixed,FEMALE,2022,Wagai,siaya,E,1.0
Malele_Mixed,MALE,2022,Wagai,siaya,E,1.0
Malele_Mixed,FEMALE,2022,Wagai,siaya,E,1.0
Malele_Mixed,FEMALE,2022,Wagai,siaya,E,1.0
Malele_Mixed,MALE,2022,Wagai,siaya,E,1.0
Malele_Mixed,FEMALE,2022,Wagai,siaya,E,1.0
Malele_Mixed,MALE,2022,Wagai,siaya,E,1.0
Malele_Mixed,MALE,2022,Wagai,siaya,E,1.0
Malele_Mixed,MALE,2022,Wagai,siaya,E,1.0
Malele_Mixed,FEMALE,2022,Wagai,siaya,D-,2.0
Malele_Mixed,MALE,2022,Wagai,siaya,E,1.0
Malele_Mixed,FEMALE,2022,Wagai,siaya,D-,2.0
Malele_Mixed,FEMALE,2022,Wagai,siaya,E,1.0
Malele_Mixed,FEMALE,2022,Wagai,siaya,E,1.0
Malele_Mixed,MALE,2022,Wagai,siaya,E,1.0
Malele_Mixed,FEMALE,2022,Wagai,siaya,E,1.0
Malele_Mixed,MALE,2022,Wagai,siaya,E,1.0
Malele_Mixed,MALE,2022,Wagai,siaya,E,1.0
Malele_Mixed,FEMALE,2022,Wagai,siaya,E,1.0
Malele_Mixed,MALE,2022,Wagai,siaya,D-,2.0
Malele_Mixed,FEMALE,2022,Wagai,siaya,E,1.0
Malele_Mixed,MALE,2022,Wagai,siaya,E,1.0
Malele_Mixed,FEMALE,2022,Wagai,siaya,E,1.0
Malele_Mixed,FEMALE,2022,Wagai,siaya,E,1.0
Malele_Mixed,FEMALE,2022,Wagai,siaya,E,1.0
Malele_Mixed,MALE,2022,Wagai,siaya,E,1.0
Malele_Mixed,FEMALE,2022,Wagai,siaya,E,1.0
Malele_Mixed,FEMALE,2022,Wagai,siaya,E,1.0
Malele_Mixed,FEMALE,2022,Wagai,siaya,D-,2.0
Malele_Mixed,FEMALE,2022,Wagai,siaya,E,1.0
Malele_Mixed,MALE,2022,Wagai,siaya,E,1.0
Malele_Mixed,MALE,2022,Wagai,siaya,E,1.0
Malele_Mixed,MALE,2022,Wagai,siaya,E,1.0
Malele_Mixed,MALE,2022,Wagai,siaya,E,1.0
Malele_Mixed,MALE,2022,Wagai,siaya,E,1.0
Malele_Mixed,MALE,2022,Wagai,siaya,E,1.0
Malele_Mixed,FEMALE,2022,Wagai,siaya,E,1.0
Malele_Mixed,MALE,2022,Wagai,siaya,E,1.0
Malele_Mixed,MALE,2022,Wagai,siaya,E,1.0
Malele_Mixed,MALE,2022,Wagai,siaya,E,1.0
Malele_Mixed,FEMALE,2022,Wagai,siaya,E,1.0
Malele_Mixed,FEMALE,2022,Wagai,siaya,E,1.0
Malele_Mixed,FEMALE,2022,Wagai,siaya,E,1.0
Malele_Mixed,FEMALE,2022,Wagai,siaya,E,1.0
Malele_Mixed,FEMALE,2022,Wagai,siaya,E,1.0
Malele_Mixed,FEMALE,2022,Wagai,siaya,E,1.0
Malele_Mixed,MALE,2022,Wagai,siaya,E,1.0
Malele_Mixed,FEMALE,2022,Wagai,siaya,E,1.0
Malele_Mixed,MALE,2022,Wagai,siaya,E,1.0
Malele_Mixed,FEMALE,2022,Wagai,siaya,E,1.0
Malele_Mixed,FEMALE,2022,Wagai,siaya,E,1.0
Malele_Mixed,FEMALE,2022,Wagai,siaya,E,1.0
Malele_Mixed,MALE,2022,Wagai,siaya,E,1.0
Malele_Mixed,MALE,2022,Wagai,siaya,E,1.0
Malele_Mixed,FEMALE,2022,Wagai,siaya,E,1.0
Malele_Mixed,FEMALE,2022,Wagai,siaya,E,1.0
Malele_Mixed,FEMALE,2022,Wagai,siaya,E,1.0
Malele_Mixed,FEMALE,2022,Wagai,siaya,E,1.0
Malele_Mixed,MALE,2022,Wagai,siaya,E,1.0
Malele_Mixed,MALE,2022,Wagai,siaya,E,1.0
Malele_Mixed,FEMALE,2022,Wagai,siaya,E,1.0
Malele_Mixed,MALE,2022,Wagai,siaya,E,1.0
Malele_Mixed,MALE,2022,Wagai,siaya,E,1.0
Malele_Mixed,FEMALE,2022,Wagai,siaya,E,1.0
Malele_Mixed,MALE,2022,Wagai,siaya,E,1.0
Nduru_MIXED,MALE,2024,Alego_usonga,siaya,C+,7.0
Nduru_MIXED,MALE,2024,Alego_usonga,siaya,D,3.0
Nduru_MIXED,MALE,2024,Alego_usonga,siaya,D,3.0
Nduru_MIXED,MALE,2024,Alego_usonga,siaya,D+,4.0
Nduru_MIXED,FEMALE,2024,Alego_usonga,siaya,E,1.0
Nduru_MIXED,FEMALE,2024,Alego_usonga,siaya,E,1.0
Nduru_MIXED,FEMALE,2024,Alego_usonga,siaya,E,1.0
Nduru_MIXED,FEMALE3,2024,Alego_usonga,siaya,D-,2.0
Nduru_MIXED,FEMALE,2024,Alego_usonga,siaya,E,1.0
Nduru_MIXED,FEMALE,2024,Alego_usonga,siaya,D-,2.0
Nduru_MIXED,MALE,2024,Alego_usonga,siaya,D-,2.0
Nduru_MIXED,MALE,2024,Alego_usonga,siaya,D-,2.0
Nduru_MIXED,FEMALE,2024,Alego_usonga,siaya,E,1.0
Nduru_MIXED,FEMALE,2024,Alego_usonga,siaya,E,1.0
Nduru_MIXED,FEMALE,2024,Alego_usonga,siaya,E,1.0
Nduru_MIXED,MALE,2024,Alego_usonga,siaya,D-,2.0
Nduru_MIXED,MALE,2024,Alego_usonga,siaya,E,1.0
Nduru_MIXED,FEMALE,2024,Alego_usonga,siaya,E,1.0
Nduru_MIXED,MALE,2024,Alego_usonga,siaya,E,1.0
Nduru_MIXED,FEMALE,2024,Alego_usonga,siaya,E,1.0
Nduru_MIXED,FEMALE,2024,Alego_usonga,siaya,E,1.0
Nduru_MIXED,MALE,2024,Alego_usonga,siaya,D,3.0
Nduru_MIXED,MALE,2024,Alego_usonga,siaya,E,1.0
Nduru_MIXED,MALE,2024,Alego_usonga,siaya,E,1.0
Nduru_MIXED,FEMALE,2024,Alego_usonga,siaya,E,1.0
Nduru_MIXED,MALE,2024,Alego_usonga,siaya,E,1.0
Nduru_MIXED,FEMALE,2024,Alego_usonga,siaya,E,1.0
Nduru_MIXED,MALE,2024,Alego_usonga,siaya,E,1.0
Nduru_MIXED,MALE,2024,Alego_usonga,siaya,E,1.0
Nduru_MIXED,FEMALE,2024,Alego_usonga,siaya,E,1.0
Nduru_MIXED,MALE,2024,Alego_usonga,siaya,E,1.0
Nduru_MIXED,FEMALE,2024,Alego_usonga,siaya,E,1.0
Nduru_MIXED,FEMALE,2024,Alego_usonga,siaya,E,1.0
Nduru_MIXED,FEMALE,2024,Alego_usonga,siaya,E,1.0
Nduru_MIXED,FEMALE,2024,Alego_usonga,siaya,E,1.0
Nduru_MIXED,FEMALE,2024,Alego_usonga,siaya,E,1.0
Nduru_MIXED,FEMALE,2024,Alego_usonga,siaya,E,1.0
Nduru_MIXED,FEMALE,2024,Alego_usonga,siaya,E,1.0
Nduru_MIXED,FEMALE,2024,Alego_usonga,siaya,E,1.0
Nduru_MIXED,MALE,2024,Alego_usonga,siaya,E,1.0
Nyalunya_Mixed,MALE,2024,Wagai,siaya,C,6.0
Nyalunya_Mixed,MALE,2024,Wagai,siaya,B,9.0
Nyalunya_Mixed,MALE,2024,Wagai,siaya,D-,2.0
Nyalunya_Mixed,MALE,2024,Wagai,siaya,E,1.0
Nyalunya_Mixed,FEMALE,2024,Wagai,siaya,D+,4.0
Nyalunya_Mixed,FEMALE,2024,Wagai,siaya,D-,2.0
Nyalunya_Mixed,MALE,2024,Wagai,siaya,D-,2.0
Nyalunya_Mixed,MALE,2024,Wagai,siaya,E,1.0
Nyalunya_Mixed,MALE,2024,Wagai,siaya,D-,2.0
Nyalunya_Mixed,MALE,2024,Wagai,siaya,D-,2.0
Nyalunya_Mixed,MALE,2024,Wagai,siaya,D-,2.0
Nyalunya_Mixed,MALE,2024,Wagai,siaya,D-,2.0
Nyalunya_Mixed,FEMALE,2024,Wagai,siaya,E,1.0
Nyalunya_Mixed,MALE,2024,Wagai,siaya,E,1.0
Nyalunya_Mixed,FEMALE,2024,Wagai,siaya,E,1.0
Nyalunya_Mixed,FEMALE,2024,Wagai,siaya,E,1.0
Nyalunya_Mixed,FEMALE,2024,Wagai,siaya,E,1.0
Nyalunya_Mixed,FEMALE,2024,Wagai,siaya,E,1.0
Nyalunya_Mixed,MALE,2024,Wagai,siaya,E,1.0
Nyalunya_Mixed,MALE,2024,Wagai,siaya,D,3.0
Nyalunya_Mixed,MALE,2024,Wagai,siaya,E,1.0
Nyalunya_Mixed,MALE,2024,Wagai,siaya,D-,2.0
Nyalunya_Mixed,FEMALE,2024,Wagai,siaya,E,1.0
Nyalunya_Mixed,MALE,2024,Wagai,siaya,E,1.0
Nyalunya_Mixed,FEMALE,2024,Wagai,siaya,E,1.0
Nyalunya_Mixed,MALE,2024,Wagai,siaya,E,1.0
Nyalunya_Mixed,MALE,2024,Wagai,siaya,E,1.0
Nyalunya_Mixed,FEMALE,2024,Wagai,siaya,E,1.0
Nyalunya_Mixed,MALE,2024,Wagai,siaya,E,1.0
Nyalunya_Mixed,FEMALE,2024,Wagai,siaya,E,1.0
Nyalunya_Mixed,MALE,2024,Wagai,siaya,D,3.0
Nyalunya_Mixed,MALE,2024,Wagai,siaya,E,1.0
Nyalunya_Mixed,MALE,2024,Wagai,siaya,E,1.0
Nyalunya_Mixed,FEMALE,2024,Wagai,siaya,E,1.0
Nyalunya_Mixed,FEMALE,2024,Wagai,siaya,E,1.0
Nyalunya_Mixed,MALE,2024,Wagai,siaya,D-,2.0
Nyalunya_Mixed,FEMALE,2024,Wagai,siaya,E,1.0
Nyalunya_Mixed,FEMALE,2024,Wagai,siaya,E,1.0
Nyalunya_Mixed,MALE,2024,Wagai,siaya,E,1.0
Nyalunya_Mixed,FEMALE,2024,Wagai,siaya,E,1.0
Nyalunya_Mixed,FEMALE,2024,Wagai,siaya,E,1.0
Nyalunya_Mixed,MALE,2024,Wagai,siaya,E,1.0
Nyalunya_Mixed,FEMALE,2024,Wagai,siaya,E,1.0
Nyalunya_Mixed,FEMALE,2024,Wagai,siaya,E,1.0
Nyalunya_Mixed,MALE,2024,Wagai,siaya,E,1.0
Nyalunya_Mixed,FEMALE,2024,Wagai,siaya,E,1.0
Nyalunya_Mixed,FEMALE,2024,Wagai,siaya,E,1.0
Nyalunya_Mixed,FEMALE,2024,Wagai,siaya,E,1.0
Nyalunya_Mixed,MALE,2024,Wagai,siaya,E,1.0
Nyalunya_Mixed,FEMALE,2024,Wagai,siaya,E,1.0
Nyalunya_Mixed,MALE,2024,Wagai,siaya,E,1.0
Nyalunya_Mixed,MALE,2023,Wagai,siaya,D,3.0
Nyalunya_Mixed,MALE,2023,Wagai,siaya,D-,2.0
Nyalunya_Mixed,FEMALE,2023,Wagai,siaya,D-,2.0
Nyalunya_Mixed,FEMALE,2023,Wagai,siaya,D,3.0
Nyalunya_Mixed,MALE,2023,Wagai,siaya,E,1.0
Nyalunya_Mixed,FEMALE,2023,Wagai,siaya,D-,2.0
Nyalunya_Mixed,FEMALE,2023,Wagai,siaya,E,1.0
Nyalunya_Mixed,FEMALE,2023,Wagai,siaya,D-,2.0
Nyalunya_Mixed,MALE,2023,Wagai,siaya,D-,2.0
Nyalunya_Mixed,MALE,2023,Wagai,siaya,D-,2.0
Nyalunya_Mixed,FEMALE,2023,Wagai,siaya,E,1.0
Nyalunya_Mixed,FEMALE,2023,Wagai,siaya,E,1.0
Nyalunya_Mixed,FEMALE,2023,Wagai,siaya,E,1.0
Nyalunya_Mixed,FEMALE,2023,Wagai,siaya,D,3.0
Nyalunya_Mixed,FEMALE,2023,Wagai,siaya,E,1.0
Nyalunya_Mixed,FEMALE,2023,Wagai,siaya,E,1.0
Nyalunya_Mixed,MALE,2023,Wagai,siaya,E,1.0
Nyalunya_Mixed,MALE,2023,Wagai,siaya,E,1.0
Nyalunya_Mixed,FEMALE,2023,Wagai,siaya,E,1.0
Nyalunya_Mixed,FEMALE,2023,Wagai,siaya,E,1.0
Nyalunya_Mixed,MALE,2023,Wagai,siaya,E,1.0
Nyalunya_Mixed,MALE,2023,Wagai,siaya,E,1.0
Nyalunya_Mixed,MALE,2023,Wagai,siaya,E,1.0
Nyalunya_Mixed,MALE,2023,Wagai,siaya,E,1.0
Nyalunya_Mixed,FEMALE,2023,Wagai,siaya,E,1.0
Nyalunya_Mixed,FEMALE,2023,Wagai,siaya,E,1.0
Nyalunya_Mixed,MALE,2023,Wagai,siaya,E,1.0
Nyalunya_Mixed,FEMALE,2023,Wagai,siaya,E,1.0
Nyalunya_Mixed,MALE,2023,Wagai,siaya,E,1.0
Nyalunya_Mixed,FEMALE,2023,Wagai,siaya,E,1.0
Nyalunya_Mixed,FEMALE,2023,Wagai,siaya,E,1.0
Nyalunya_Mixed,MALE,2023,Wagai,siaya,E,1.0
Nyalunya_Mixed,FEMALE,2023,Wagai,siaya,E,1.0
Nyalunya_Mixed,FEMALE,2023,Wagai,siaya,E,1.0
Ojola_Mixed,MALE,2024,Wagai,siaya,D+,4.0
Ojola_Mixed,FEMALE,2024,Wagai,siaya,D,3.0
Ojola_Mixed,MALE,2024,Wagai,siaya,C-,5.0
Ojola_Mixed,MALE,2024,Wagai,siaya,D+,4.0
Ojola_Mixed,FEMALE,2024,Wagai,siaya,D,3.0
Ojola_Mixed,FEMALE,2024,Wagai,siaya,D-,2.0
Ojola_Mixed,FEMALE,2024,Wagai,siaya,E,1.0
Ojola_Mixed,MALE,2024,Wagai,siaya,D-,2.0
Ojola_Mixed,FEMALE,2024,Wagai,siaya,D-,2.0
Ojola_Mixed,MALE,2024,Wagai,siaya,D-,2.0
Ojola_Mixed,MALE,2024,Wagai,siaya,D-,2.0
Ojola_Mixed,MALE,2024,Wagai,siaya,E,1.0
Ojola_Mixed,FEMALE,2024,Wagai,siaya,D,3.0
Ojola_Mixed,FEMALE,2024,Wagai,siaya,E,1.0
Ojola_Mixed,MALE,2024,Wagai,siaya,E,1.0
Ojola_Mixed,FEMALE,2024,Wagai,siaya,E,1.0
Ojola_Mixed,MALE,2024,Wagai,siaya,D-,2.0
Ojola_Mixed,MALE,2024,Wagai,siaya,D-,2.0
Ojola_Mixed,MALE,2024,Wagai,siaya,E,1.0
Ojola_Mixed,FEMALE,2024,Wagai,siaya,D-,2.0
Ojola_Mixed,MALE,2024,Wagai,siaya,D-,2.0
Ojola_Mixed,MALE,2024,Wagai,siaya,D-,2.0
Ojola_Mixed,MALE,2024,Wagai,siaya,D-,2.0
Ojola_Mixed,FEMALE,2024,Wagai,siaya,E,1.0
Ojola_Mixed,MALE,2024,Wagai,siaya,E,1.0
Ojola_Mixed,FEMALE,2024,Wagai,siaya,E,1.0
Ojola_Mixed,FEMALE,2024,Wagai,siaya,E,1.0
Ojola_Mixed,MALE,2024,Wagai,siaya,D-,2.0
Ojola_Mixed,MALE,2024,Wagai,siaya,E,1.0
Ojola_Mixed,MALE,2024,Wagai,siaya,E,1.0
Ojola_Mixed,MALE,2024,Wagai,siaya,E,1.0
Ojola_Mixed,MALE,2024,Wagai,siaya,E,1.0
Ojola_Mixed,MALE,2024,Wagai,siaya,E,1.0
Ojola_Mixed,FEMALE,2024,Wagai,siaya,E,1.0
Ojola_Mixed,MALE,2024,Wagai,siaya,E,1.0
Ojola_Mixed,FEMALE,2024,Wagai,siaya,E,1.0
Ojola_Mixed,MALE,2024,Wagai,siaya,E,1.0
Ojola_Mixed,FEMALE,2024,Wagai,siaya,E,1.0
Ojola_Mixed,FEMALE,2024,Wagai,siaya,E,1.0
Ojola_Mixed,MALE,2024,Wagai,siaya,E,1.0
Ojola_Mixed,FEMALE,2024,Wagai,siaya,E,1.0
Ojola_Mixed,FEMALE,2024,Wagai,siaya,E,1.0
Kaudha_Mixed,MALE,2024,Wagai,siaya,B+,10.0
Kaudha_Mixed,FEMALE,2024,Wagai,siaya,D,3.0
Kaudha_Mixed,MALE,2024,Wagai,siaya,D+,4.0
Kaudha_Mixed,MALE,2024,Wagai,siaya,B-,8.0
Kaudha_Mixed,FEMALE,2024,Wagai,siaya,D+,4.0
Kaudha_Mixed,MALE,2024,Wagai,siaya,C-,5.0
Kaudha_Mixed,FEMALE,2024,Wagai,siaya,C-,5.0
Kaudha_Mixed,MALE,2024,Wagai,siaya,D-,2.0
Kaudha_Mixed,FEMALE,2024,Wagai,siaya,D-,2.0
Kaudha_Mixed,MALE,2024,Wagai,siaya,B-,8.0
Kaudha_Mixed,FEMALE,2024,Wagai,siaya,C-,5.0
Kaudha_Mixed,MALE,2024,Wagai,siaya,D,3.0
Kaudha_Mixed,MALE,2024,Wagai,siaya,E,1.0
Kaudha_Mixed,FEMALE,2024,Wagai,siaya,E,1.0
Kaudha_Mixed,FEMALE,2024,Wagai,siaya,E,1.0
Kaudha_Mixed,FEMALE,2024,Wagai,siaya,D,3.0
Kaudha_Mixed,MALE,2024,Wagai,siaya,D,3.0
Kaudha_Mixed,FEMALE,2024,Wagai,siaya,D-,2.0
Kaudha_Mixed,MALE,2024,Wagai,siaya,D,3.0
Kaudha_Mixed,FEMALE,2024,Wagai,siaya,E,1.0
Kaudha_Mixed,FEMALE,2024,Wagai,siaya,D-,2.0
Kaudha_Mixed,FEMALE,2024,Wagai,siaya,D,3.0
Kaudha_Mixed,MALE,2024,Wagai,siaya,D-,2.0
Kaudha_Mixed,MALE,2024,Wagai,siaya,D,3.0
Kaudha_Mixed,FEMALE,2024,Wagai,siaya,D-,2.0
Kaudha_Mixed,FEMALE,2024,Wagai,siaya,D-,2.0
Kaudha_Mixed,MALE,2024,Wagai,siaya,E,1.0
Kaudha_Mixed,MALE,2024,Wagai,siaya,E,1.0
Kaudha_Mixed,MALE,2024,Wagai,siaya,E,1.0
Kaudha_Mixed,FEMALE,2024,Wagai,siaya,D,3.0
Kaudha_Mixed,FEMALE,2024,Wagai,siaya,E,1.0
Kaudha_Mixed,MALE,2024,Wagai,siaya,D,3.0
Kaudha_Mixed,MALE,2024,Wagai,siaya,E,1.0
Kaudha_Mixed,MALE,2024,Wagai,siaya,D-,2.0
Kaudha_Mixed,MALE,2024,Wagai,siaya,D-,2.0
Kaudha_Mixed,FEMALE,2024,Wagai,siaya,E,1.0
Kaudha_Mixed,MALE,2024,Wagai,siaya,D,3.0
Kaudha_Mixed,MALE,2024,Wagai,siaya,E,1.0
Kaudha_Mixed,FEMALE,2024,Wagai,siaya,D,3.0
Kaudha_Mixed,MALE,2024,Wagai,siaya,E,1.0
Kaudha_Mixed,FEMALE,2024,Wagai,siaya,E,1.0
Kaudha_Mixed,MALE,2024,Wagai,siaya,D,3.0
Kaudha_Mixed,FEMALE,2024,Wagai,siaya,E,1.0
Kaudha_Mixed,FEMALE,2024,Wagai,siaya,E,1.0
Kaudha_Mixed,MALE,2024,Wagai,siaya,E,1.0
Kaudha_Mixed,MALE,2024,Wagai,siaya,E,1.0
Kaudha_Mixed,MALE,2024,Wagai,siaya,E,1.0
Kaudha_Mixed,MALE,2024,Wagai,siaya,E,1.0
Kaudha_Mixed,MALE,2024,Wagai,siaya,E,1.0
Kaudha_Mixed,FEMALE,2024,Wagai,siaya,E,1.0
Kaudha_Mixed,FEMALE,2024,Wagai,siaya,E,1.0
Kaudha_Mixed,MALE,2024,Wagai,siaya,D-,2.0
Kaudha_Mixed,FEMALE,2024,Wagai,siaya,E,1.0
Kaudha_Mixed,FEMALE,2024,Wagai,siaya,E,1.0
Kaudha_Mixed,FEMALE,2024,Wagai,siaya,E,1.0
Kaudha_Mixed,MALE,2024,Wagai,siaya,E,1.0
Kaudha_Mixed,FEMALE,2024,Wagai,siaya,E,1.0
Kaudha_Mixed,MALE,2024,Wagai,siaya,E,1.0
Kaudha_Mixed,FEMALE,2024,Wagai,siaya,E,1.0
Kaudha_Mixed,FEMALE,2024,Wagai,siaya,E,1.0
Kaudha_Mixed,MALE,2024,Wagai,siaya,E,1.0
Kaudha_Mixed,FEMALE,2024,Wagai,siaya,E,1.0
Kaudha_Mixed,MALE,2024,Wagai,siaya,E,1.0
Kaudha_Mixed,MALE,2024,Wagai,siaya,E,1.0
Kaudha_Mixed,FEMALE,2024,Wagai,siaya,E,1.0
Kaudha_Mixed,MALE,2024,Wagai,siaya,E,1.0
Kaudha_Mixed,FEMALE,2024,Wagai,siaya,E,1.0
Kaudha_Mixed,FEMALE,2024,Wagai,siaya,E,1.0
Kaudha_Mixed,MALE,2024,Wagai,siaya,E,1.0
Kaudha_Mixed,MALE,2024,Wagai,siaya,E,1.0
Kaudha_Mixed,MALE,2024,Wagai,siaya,E,1.0
Kaudha_Mixed,FEMALE,2024,Wagai,siaya,E,1.0
Kaudha_Mixed,MALE,2024,Wagai,siaya,E,1.0
Kaudha_Mixed,FEMALE,2024,Wagai,siaya,E,1.0
Kaudha_Mixed,MALE,2024,Wagai,siaya,E,1.0
Kaudha_Mixed,FEMALE,2024,Wagai,siaya,E,1.0
Kaudha_Mixed,FEMALE,2024,Wagai,siaya,E,1.0
Kaudha_Mixed,MALE,2023,Wagai,siaya,A-,11.0
Kaudha_Mixed,MALE,2023,Wagai,siaya,B+,10.0
Kaudha_Mixed,FEMALE,2023,Wagai,siaya,C+,7.0
Kaudha_Mixed,MALE,2023,Wagai,siaya,A-,11.0
Kaudha_Mixed,FEMALE,2023,Wagai,siaya,B-,8.0
Kaudha_Mixed,FEMALE,2023,Wagai,siaya,D,3.0
Kaudha_Mixed,MALE,2023,Wagai,siaya,B+,10.0
Kaudha_Mixed,FEMALE,2023,Wagai,siaya,C,6.0
Kaudha_Mixed,MALE,2023,Wagai,siaya,B-,8.0
Kaudha_Mixed,MALE,2023,Wagai,siaya,A-,11.0
Kaudha_Mixed,MALE,2023,Wagai,siaya,D,3.0
Kaudha_Mixed,FEMALE,2023,Wagai,siaya,C,6.0
Kaudha_Mixed,MALE,2023,Wagai,siaya,C+,7.0
Kaudha_Mixed,FEMALE,2023,Wagai,siaya,C-,5.0
Kaudha_Mixed,FEMALE,2023,Wagai,siaya,D+,4.0
Kaudha_Mixed,MALE,2023,Wagai,siaya,C-,5.0
Kaudha_Mixed,FEMALE,2023,Wagai,siaya,D,3.0
Kaudha_Mixed,FEMALE,2023,Wagai,siaya,D,3.0
Kaudha_Mixed,FEMALE,2023,Wagai,siaya,D,3.0
Kaudha_Mixed,FEMALE,2023,Wagai,siaya,D,3.0
Kaudha_Mixed,MALE,2023,Wagai,siaya,D,3.0
Kaudha_Mixed,FEMALE,2023,Wagai,siaya,E,1.0
Kaudha_Mixed,FEMALE,2023,Wagai,siaya,C+,7.0
Kaudha_Mixed,FEMALE,2023,Wagai,siaya,D-,2.0
Kaudha_Mixed,FEMALE,2023,Wagai,siaya,E,1.0
Kaudha_Mixed,FEMALE,2023,Wagai,siaya,D-,2.0
Kaudha_Mixed,FEMALE,2023,Wagai,siaya,D-,2.0
Kaudha_Mixed,MALE,2023,Wagai,siaya,C,6.0
Kaudha_Mixed,FEMALE,2023,Wagai,siaya,D+,4.0
Kaudha_Mixed,FEMALE,2023,Wagai,siaya,D-,2.0
Kaudha_Mixed,FEMALE,2023,Wagai,siaya,E,1.0
Kaudha_Mixed,MALE,2023,Wagai,siaya,D-,2.0
Kaudha_Mixed,MALE,2023,Wagai,siaya,D,3.0
Kaudha_Mixed,FEMALE,2023,Wagai,siaya,D-,2.0
Kaudha_Mixed,FEMALE,2023,Wagai,siaya,E,1.0
Kaudha_Mixed,MALE,2023,Wagai,siaya,D-,2.0
Kaudha_Mixed,MALE,2023,Wagai,siaya,E,1.0
Kaudha_Mixed,FEMALE,2023,Wagai,siaya,D+,4.0
Kaudha_Mixed,MALE,2023,Wagai,siaya,E,1.0
Kaudha_Mixed,MALE,2023,Wagai,siaya,D-,2.0
Kaudha_Mixed,MALE,2023,Wagai,siaya,D-,2.0
Kaudha_Mixed,MALE,2023,Wagai,siaya,D-,2.0
Kaudha_Mixed,MALE,2023,Wagai,siaya,D-,2.0
Kaudha_Mixed,MALE,2023,Wagai,siaya,D,3.0
Kaudha_Mixed,MALE,2023,Wagai,siaya,D,3.0
Kaudha_Mixed,MALE,2023,Wagai,siaya,E,1.0
Kaudha_Mixed,MALE,2023,Wagai,siaya,E,1.0
Kaudha_Mixed,FEMALE,2023,Wagai,siaya,D-,2.0
Kaudha_Mixed,MALE,2023,Wagai,siaya,D-,2.0
Kaudha_Mixed,FEMALE,2023,Wagai,siaya,E,1.0
Kaudha_Mixed,MALE,2023,Wagai,siaya,E,1.0
Kaudha_Mixed,MALE,2023,Wagai,siaya,D-,2.0
Kaudha_Mixed,FEMALE,2023,Wagai,siaya,E,1.0
Kaudha_Mixed,MALE,2023,Wagai,siaya,D-,2.0
Kaudha_Mixed,MALE,2023,Wagai,siaya,D-,2.0
Kaudha_Mixed,MALE,2023,Wagai,siaya,E,1.0
Kaudha_Mixed,MALE,2023,Wagai,siaya,D-,2.0
Kaudha_Mixed,FEMALE,2023,Wagai,siaya,E,1.0
Kaudha_Mixed,FEMALE,2023,Wagai,siaya,E,1.0
Kaudha_Mixed,FEMALE,2023,Wagai,siaya,E,1.0
Kaudha_Mixed,MALE,2023,Wagai,siaya,E,1.0
Kaudha_Mixed,MALE,2023,Wagai,siaya,D-,2.0
Kaudha_Mixed,MALE,2023,Wagai,siaya,D-,2.0
Kaudha_Mixed,FEMALE,2023,Wagai,siaya,E,1.0
Kaudha_Mixed,FEMALE,2023,Wagai,siaya,D-,2.0
Kaudha_Mixed,MALE,2023,Wagai,siaya,E,1.0
Kaudha_Mixed,FEMALE,2023,Wagai,siaya,D-,2.0
Kaudha_Mixed,FEMALE,2023,Wagai,siaya,D-,2.0
Kaudha_Mixed,MALE,2023,Wagai,siaya,D-,2.0
Kaudha_Mixed,MALE,2023,Wagai,siaya,E,1.0
Kaudha_Mixed,MALE,2023,Wagai,siaya,D-,2.0
Kaudha_Mixed,FEMALE,2023,Wagai,siaya,E,1.0
Kaudha_Mixed,FEMALE,2023,Wagai,siaya,E,1.0
Kaudha_Mixed,MALE,2023,Wagai,siaya,D-,2.0
Kaudha_Mixed,MALE,2023,Wagai,siaya,E,1.0
Kaudha_Mixed,FEMALE,2023,Wagai,siaya,D-,2.0
Kaudha_Mixed,FEMALE,2023,Wagai,siaya,D-,2.0
Kaudha_Mixed,FEMALE,2023,Wagai,siaya,E,1.0
Kaudha_Mixed,MALE,2023,Wagai,siaya,E,1.0
Kaudha_Mixed,MALE,2023,Wagai,siaya,E,1.0
Kaudha_Mixed,FEMALE,2023,Wagai,siaya,E,1.0
Kaudha_Mixed,MALE,2023,Wagai,siaya,D-,2.0
Kaudha_Mixed,FEMALE,2023,Wagai,siaya,E,1.0
Kaudha_Mixed,MALE,2023,Wagai,siaya,E,1.0
Kaudha_Mixed,FEMALE,2023,Wagai,siaya,E,1.0
Kaudha_Mixed,FEMALE,2023,Wagai,siaya,E,1.0
Kaudha_Mixed,MALE,2023,Wagai,siaya,E,1.0
Kaudha_Mixed,MALE,2023,Wagai,siaya,E,1.0
Kaudha_Mixed,FEMALE,2023,Wagai,siaya,E,1.0
Kaudha_Mixed,FEMALE,2023,Wagai,siaya,E,1.0
Kaudha_Mixed,MALE,2023,Wagai,siaya,E,1.0
Kaudha_Mixed,MALE,2022,Wagai,siaya,C,6.0
Kaudha_Mixed,MALE,2022,Wagai,siaya,C+,7.0
Kaudha_Mixed,MALE,2022,Wagai,siaya,D,3.0
Kaudha_Mixed,FEMALE,2022,Wagai,siaya,D-,2.0
Kaudha_Mixed,MALE,2022,Wagai,siaya,D,3.0
Kaudha_Mixed,MALE,2022,Wagai,siaya,D-,2.0
Kaudha_Mixed,MALE,2022,Wagai,siaya,D,3.0
Kaudha_Mixed,MALE,2022,Wagai,siaya,D-,2.0
Kaudha_Mixed,MALE,2022,Wagai,siaya,D-,2.0
Kaudha_Mixed,FEMALE,2022,Wagai,siaya,E,1.0
Kaudha_Mixed,MALE,2022,Wagai,siaya,E,1.0
Kaudha_Mixed,MALE,2022,Wagai,siaya,C-,5.0
Kaudha_Mixed,MALE,2022,Wagai,siaya,E,1.0
Kaudha_Mixed,MALE,2022,Wagai,siaya,E,1.0
Kaudha_Mixed,FEMALE,2022,Wagai,siaya,E,1.0
Kaudha_Mixed,MALE,2022,Wagai,siaya,D-,2.0
Kaudha_Mixed,FEMALE,2022,Wagai,siaya,E,1.0
Kaudha_Mixed,FEMALE,2022,Wagai,siaya,D-,2.0
Kaudha_Mixed,MALE,2022,Wagai,siaya,E,1.0
Kaudha_Mixed,MALE,2022,Wagai,siaya,E,1.0
Kaudha_Mixed,FEMALE,2022,Wagai,siaya,E,1.0
Kaudha_Mixed,FEMALE,2022,Wagai,siaya,E,1.0
Kaudha_Mixed,FEMALE,2022,Wagai,siaya,D-,2.0
Kaudha_Mixed,MALE,2022,Wagai,siaya,D-,2.0
Kaudha_Mixed,FEMALE,2022,Wagai,siaya,E,1.0
Kaudha_Mixed,MALE,2022,Wagai,siaya,E,1.0
Kaudha_Mixed,FEMALE,2022,Wagai,siaya,E,1.0
Kaudha_Mixed,FEMALE,2022,Wagai,siaya,E,1.0
Kaudha_Mixed,FEMALE,2022,Wagai,siaya,E,1.0
Kaudha_Mixed,MALE,2022,Wagai,siaya,E,1.0
Kaudha_Mixed,MALE,2022,Wagai,siaya,E,1.0
Kaudha_Mixed,FEMALE,2022,Wagai,siaya,E,1.0
Kaudha_Mixed,FEMALE,2022,Wagai,siaya,E,1.0
Kaudha_Mixed,MALE,2022,Wagai,siaya,E,1.0
Kaudha_Mixed,MALE,2022,Wagai,siaya,E,1.0
Kaudha_Mixed,FEMALE,2022,Wagai,siaya,E,1.0
Kaudha_Mixed,FEMALE,2022,Wagai,siaya,E,1.0
Kaudha_Mixed,MALE,2022,Wagai,siaya,E,1.0
Kaudha_Mixed,FEMALE,2022,Wagai,siaya,E,1.0
Kaudha_Mixed,FEMALE,2022,Wagai,siaya,E,1.0
Kaudha_Mixed,FEMALE,2022,Wagai,siaya,E,1.0
Kaudha_Mixed,MALE,2022,Wagai,siaya,E,1.0
Kaudha_Mixed,FEMALE,2022,Wagai,siaya,E,1.0
Kaudha_Mixed,FEMALE,2022,Wagai,siaya,E,1.0
Kaudha_Mixed,MALE,2022,Wagai,siaya,E,1.0
Kaudha_Mixed,FEMALE,2022,Wagai,siaya,E,1.0
Kaudha_Mixed,MALE,2022,Wagai,siaya,E,1.0
Budokomi_Mixed,Male,2023,Busia,Busia,B-,8.0
Budokomi_Mixed,Male,2023,Busia,Busia,B+,10.0
Budokomi_Mixed,Female,2023,Busia,Busia,C+,7.0
Budokomi_Mixed,Male,2023,Busia,Busia,C,6.0
Budokomi_Mixed,Female,2023,Busia,Busia,D+,4.0
Budokomi_Mixed,Male,2023,Busia,Busia,B,9.0
Budokomi_Mixed,Male,2023,Busia,Busia,B-,8.0
Budokomi_Mixed,Male,2023,Busia,Busia,C+,7.0
Budokomi_Mixed,Male,2023,Busia,Busia,C+,7.0
Budokomi_Mixed,Male,2023,Busia,Busia,B-,8.0
Budokomi_Mixed,Male,2023,Busia,Busia,B-,8.0
Budokomi_Mixed,Female,2023,Busia,Busia,C+,7.0
Budokomi_Mixed,Male,2023,Busia,Busia,C+,7.0
Budokomi_Mixed,Female,2023,Busia,Busia,B+,10.0
Budokomi_Mixed,Male,2023,Busia,Busia,B,9.0
Budokomi_Mixed,Male,2023,Busia,Busia,C-,5.0
Budokomi_Mixed,Male,2023,Busia,Busia,B,9.0
Budokomi_Mixed,Female,2023,Busia,Busia,D+,4.0
Budokomi_Mixed,Female,2023,Busia,Busia,D+,4.0
Budokomi_Mixed,Male,2023,Busia,Busia,B-,8.0
Budokomi_Mixed,Female,2023,Busia,Busia,D,3.0
Budokomi_Mixed,Female,2023,Busia,Busia,B-,8.0
Budokomi_Mixed,Female,2023,Busia,Busia,D,3.0
Budokomi_Mixed,Male,2023,Busia,Busia,C+,7.0
Budokomi_Mixed,Female,2023,Busia,Busia,D-,2.0
Budokomi_Mixed,Female,2023,Busia,Busia,D,3.0
Budokomi_Mixed,Female,2023,Busia,Busia,D-,2.0
Budokomi_Mixed,Male,2023,Busia,Busia,C,6.0
Budokomi_Mixed,Male,2023,Busia,Busia,D,3.0
Budokomi_Mixed,Female,2023,Busia,Busia,D+,4.0
Budokomi_Mixed,Male,2023,Busia,Busia,D,3.0
Budokomi_Mixed,Female,2023,Busia,Busia,C,6.0
Budokomi_Mixed,Male,2023,Busia,Busia,C-,5.0
Budokomi_Mixed,Female,2023,Busia,Busia,D,3.0
Budokomi_Mixed,Male,2023,Busia,Busia,E,1.0
Budokomi_Mixed,Male,2023,Busia,Busia,D,3.0
Budokomi_Mixed,Female,2023,Busia,Busia,D+,4.0
Budokomi_Mixed,Female,2023,Busia,Busia,D,3.0
Budokomi_Mixed,Female,2023,Busia,Busia,D-,2.0
Budokomi_Mixed,Male,2023,Busia,Busia,D-,2.0
Budokomi_Mixed,Male,2023,Busia,Busia,D,3.0
Budokomi_Mixed,Female,2023,Busia,Busia,D-,2.0
Budokomi_Mixed,Male,2023,Busia,Busia,D+,4.0
Budokomi_Mixed,Female,2023,Busia,Busia,D,3.0
Budokomi_Mixed,Male,2023,Busia,Busia,D-,2.0
Budokomi_Mixed,Male,2023,Busia,Busia,C,6.0
Budokomi_Mixed,Female,2023,Busia,Busia,D-,2.0
Budokomi_Mixed,Male,2023,Busia,Busia,D+,4.0
Budokomi_Mixed,Female,2023,Busia,Busia,D-,2.0
Budokomi_Mixed,Female,2023,Busia,Busia,C,6.0
Budokomi_Mixed,Male,2023,Busia,Busia,D,3.0
Budokomi_Mixed,Male,2023,Busia,Busia,D-,2.0
Budokomi_Mixed,Male,2023,Busia,Busia,D,3.0
Budokomi_Mixed,Female,2023,Busia,Busia,D-,2.0
Budokomi_Mixed,Female,2023,Busia,Busia,D-,2.0
Budokomi_Mixed,Female,2023,Busia,Busia,C-,5.0
Budokomi_Mixed,Female,2023,Busia,Busia,D-,2.0
Budokomi_Mixed,Female,2023,Busia,Busia,D,3.0
Budokomi_Mixed,Male,2023,Busia,Busia,C-,5.0
Budokomi_Mixed,Female,2023,Busia,Busia,D+,4.0
Budokomi_Mixed,Female,2023,Busia,Busia,D-,2.0
Budokomi_Mixed,Female,2023,Busia,Busia,D+,4.0
Budokomi_Mixed,Female,2023,Busia,Busia,D-,2.0
Budokomi_Mixed,Male,2023,Busia,Busia,D,3.0
Budokomi_Mixed,Male,2023,Busia,Busia,D+,4.0
Budokomi_Mixed,Male,2023,Busia,Busia,C+,7.0
Budokomi_Mixed,Female,2023,Busia,Busia,D-,2.0
Budokomi_Mixed,Female,2023,Busia,Busia,E,1.0
Budokomi_Mixed,Female,2023,Busia,Busia,D,3.0
Budokomi_Mixed,Male,2023,Busia,Busia,C-,5.0
Budokomi_Mixed,Female,2023,Busia,Busia,D-,2.0
Budokomi_Mixed,Female,2023,Busia,Busia,D,3.0
Budokomi_Mixed,Male,2023,Busia,Busia,D,3.0
Budokomi_Mixed,Female,2023,Busia,Busia,D,3.0
Budokomi_Mixed,Male,2023,Busia,Busia,D+,4.0
Budokomi_Mixed,Male,2023,Busia,Busia,E,1.0
Budokomi_Mixed,Male,2023,Busia,Busia,C+,7.0
Budokomi_Mixed,Male,2023,Busia,Busia,E,1.0
Budokomi_Mixed,Male,2023,Busia,Busia,D-,2.0
Budokomi_Mixed,Male,2023,Busia,Busia,D-,2.0
Budokomi_Mixed,Female,2023,Busia,Busia,E,1.0
Budokomi_Mixed,Male,2023,Busia,Busia,E,1.0
Budokomi_Mixed,Female,2023,Busia,Busia,D-,2.0
Budokomi_Mixed,Female,2023,Busia,Busia,D-,2.0
Budokomi_Mixed,Female,2023,Busia,Busia,E,1.0
Budokomi_Mixed,Female,2023,Busia,Busia,D-,2.0
Budokomi_Mixed,Female,2023,Busia,Busia,D-,2.0
Budokomi_Mixed,Female,2023,Busia,Busia,E,1.0
Budokomi_Mixed,Male,2023,Busia,Busia,D-,2.0
Budokomi_Mixed,Female,2023,Busia,Busia,E,1.0
Budokomi_Mixed,Female,2023,Busia,Busia,D,3.0
Budokomi_Mixed,Female,2023,Busia,Busia,E,1.0
Budokomi_Mixed,Male,2023,Busia,Busia,D,3.0
Budokomi_Mixed,Female,2023,Busia,Busia,E,1.0
Budokomi_Mixed,Female,2023,Busia,Busia,D-,2.0
Budokomi_Mixed,Male,2023,Busia,Busia,D+,4.0
Budokomi_Mixed,Male,2023,Busia,Busia,D-,2.0
Budokomi_Mixed,Male,2023,Busia,Busia,C-,5.0
Budokomi_Mixed,Female,2023,Busia,Busia,E,1.0
Budokomi_Mixed,Male,2023,Busia,Busia,D,3.0
Budokomi_Mixed,Male,2023,Busia,Busia,D-,2.0
Budokomi_Mixed,Female,2023,Busia,Busia,E,1.0
Budokomi_Mixed,Female,2023,Busia,Busia,E,1.0
Budokomi_Mixed,Male,2023,Busia,Busia,D-,2.0
Budokomi_Mixed,Female,2023,Busia,Busia,E,1.0
Budokomi_Mixed,Male,2023,Busia,Busia,D-,2.0
Budokomi_Mixed,Female,2023,Busia,Busia,D-,2.0
Budokomi_Mixed,Male,2023,Busia,Busia,E,1.0
Budokomi_Mixed,Male,2023,Busia,Busia,D+,4.0
Budokomi_Mixed,Female,2023,Busia,Busia,D-,2.0
Budokomi_Mixed,Female,2023,Busia,Busia,E,1.0
Budokomi_Mixed,Female,2023,Busia,Busia,E,1.0
Budokomi_Mixed,Male,2023,Busia,Busia,D,3.0
Budokomi_Mixed,Male,2023,Busia,Busia,D,3.0
Budokomi_Mixed,Male,2023,Busia,Busia,D-,2.0
Budokomi_Mixed,Male,2023,Busia,Busia,E,1.0
Budokomi_Mixed,Female,2023,Busia,Busia,D-,2.0
Budokomi_Mixed,Male,2023,Busia,Busia,D-,2.0
Budokomi_Mixed,Female,2023,Busia,Busia,D-,2.0
Budokomi_Mixed,Female,2023,Busia,Busia,E,1.0
Budokomi_Mixed,Female,2023,Busia,Busia,E,1.0
Budokomi_Mixed,Female,2023,Busia,Busia,E,1.0
Budokomi_Mixed,Female,2023,Busia,Busia,D-,2.0
Budokomi_Mixed,Female,2023,Busia,Busia,E,1.0
Budokomi_Mixed,Female,2023,Busia,Busia,D-,2.0
Budokomi_Mixed,Female,2023,Busia,Busia,D,3.0
Budokomi_Mixed,Female,2023,Busia,Busia,E,1.0
Budokomi_Mixed,Female,2023,Busia,Busia,D-,2.0
Budokomi_Mixed,Female,2023,Busia,Busia,D-,2.0
Budokomi_Mixed,Female,2023,Busia,Busia,E,1.0
Budokomi_Mixed,Female,2023,Busia,Busia,D,3.0
Budokomi_Mixed,Female,2023,Busia,Busia,D,3.0
Budokomi_Mixed,Female,2023,Busia,Busia,E,1.0
Budokomi_Mixed,Male,2023,Busia,Busia,D-,2.0
Budokomi_Mixed,Female,2023,Busia,Busia,D-,2.0
Budokomi_Mixed,Female,2023,Busia,Busia,E,1.0
Budokomi_Mixed,Female,2023,Busia,Busia,E,1.0
Budokomi_Mixed,Female,2023,Busia,Busia,E,1.0
Budokomi_Mixed,Female,2023,Busia,Busia,D-,2.0
Budokomi_Mixed,Male,2023,Busia,Busia,E,1.0
Budokomi_Mixed,Female,2023,Busia,Busia,D-,2.0
Budokomi_Mixed,Male,2023,Busia,Busia,E,1.0
Budokomi_Mixed,Male,2023,Busia,Busia,D,3.0
Budokomi_Mixed,Female,2023,Busia,Busia,E,1.0
Budokomi_Mixed,Female,2023,Busia,Busia,E,1.0
Budokomi_Mixed,Female,2023,Busia,Busia,D-,2.0
Budokomi_Mixed,Female,2023,Busia,Busia,D-,2.0
Budokomi_Mixed,Male,2023,Busia,Busia,D-,2.0
Budokomi_Mixed,Female,2023,Busia,Busia,E,1.0
Budokomi_Mixed,Male,2023,Busia,Busia,E,1.0
Budokomi_Mixed,Female,2023,Busia,Busia,E,1.0
Budokomi_Mixed,Male,2023,Busia,Busia,D,3.0
Budokomi_Mixed,Female,2023,Busia,Busia,E,1.0
Budokomi_Mixed,Male,2023,Busia,Busia,E,1.0
Budokomi_Mixed,Male,2023,Busia,Busia,D-,2.0
Budokomi_Mixed,Female,2023,Busia,Busia,E,1.0
Budokomi_Mixed,Female,2023,Busia,Busia,E,1.0
Budokomi_Mixed,Female,2023,Busia,Busia,E,1.0
Budokomi_Mixed,Male,2023,Busia,Busia,D,3.0
Budokomi_Mixed,Male,2023,Busia,Busia,E,1.0
Budokomi_Mixed,Female,2023,Busia,Busia,E,1.0
Budokomi_Mixed,Female,2023,Busia,Busia,D-,2.0
Budokomi_Mixed,Female,2023,Busia,Busia,E,1.0
Budokomi_Mixed,Male,2023,Busia,Busia,E,1.0
Budokomi_Mixed,Male,2023,Busia,Busia,D-,2.0
Budokomi_Mixed,Male,2023,Busia,Busia,E,1.0
Budokomi_Mixed,Female,2023,Busia,Busia,E,1.0
Budokomi_Mixed,Male,2023,Busia,Busia,D-,2.0
Budokomi_Mixed,Female,2023,Busia,Busia,E,1.0
Budokomi_Mixed,Female,2023,Busia,Busia,E,1.0
Budokomi_Mixed,Male,2023,Busia,Busia,E,1.0
Budokomi_Mixed,Male,2023,Busia,Busia,E,1.0
Budokomi_Mixed,Female,2023,Busia,Busia,E,1.0
Budokomi_Mixed,Male,2023,Busia,Busia,E,1.0
Budokomi_Mixed,Male,2023,Busia,Busia,E,1.0
Budokomi_Mixed,Female,2023,Busia,Busia,E,1.0
Budokomi_Mixed,Female,2023,Busia,Busia,E,1.0
Budokomi_Mixed,Female,2023,Busia,Busia,E,1.0
Budokomi_Mixed,Female,2023,Busia,Busia,E,1.0
Budokomi_Mixed,Male,2023,Busia,Busia,E,1.0
Budokomi_Mixed,Male,2023,Busia,Busia,E,1.0
Budokomi_Mixed,Male,2024,Busia,Busia,A,12.0
Budokomi_Mixed,Male,2024,Busia,Busia,D,3.0
Budokomi_Mixed,Male,2024,Busia,Busia,A-,11.0
Budokomi_Mixed,Male,2024,Busia,Busia,B,9.0
Budokomi_Mixed,Male,2024,Busia,Busia,D,3.0
Budokomi_Mixed,Male,2024,Busia,Busia,C-,5.0
Budokomi_Mixed,Male,2024,Busia,Busia,C+,7.0
Budokomi_Mixed,Male,2024,Busia,Busia,D-,2.0
Budokomi_Mixed,Male,2024,Busia,Busia,D,3.0
Budokomi_Mixed,Male,2024,Busia,Busia,D-,2.0
Budokomi_Mixed,Male,2024,Busia,Busia,C-,5.0
Budokomi_Mixed,Male,2024,Busia,Busia,D-,2.0
Budokomi_Mixed,Male,2024,Busia,Busia,D+,4.0
Budokomi_Mixed,Male,2024,Busia,Busia,E,1.0
Budokomi_Mixed,Male,2024,Busia,Busia,E,1.0
Budokomi_Mixed,Male,2024,Busia,Busia,D-,2.0
Budokomi_Mixed,Male,2024,Busia,Busia,D-,2.0
Budokomi_Mixed,Male,2024,Busia,Busia,E,1.0
Budokomi_Mixed,Male,2024,Busia,Busia,D,3.0
Budokomi_Mixed,Male,2024,Busia,Busia,E,1.0
Budokomi_Mixed,Male,2024,Busia,Busia,D-,2.0
Budokomi_Mixed,Male,2024,Busia,Busia,E,1.0
Budokomi_Mixed,Male,2024,Busia,Busia,E,1.0
Budokomi_Mixed,Male,2024,Busia,Busia,D,3.0
Budokomi_Mixed,Male,2024,Busia,Busia,E,1.0
Budokomi_Mixed,Male,2024,Busia,Busia,D-,2.0
Budokomi_Mixed,Male,2024,Busia,Busia,D+,4.0
Budokomi_Mixed,Male,2024,Busia,Busia,E,1.0
Budokomi_Mixed,Male,2024,Busia,Busia,E,1.0
Budokomi_Mixed,Male,2024,Busia,Busia,E,1.0
Budokomi_Mixed,Male,2024,Busia,Busia,D-,2.0
Budokomi_Mixed,Male,2024,Busia,Busia,E,1.0
Budokomi_Mixed,Male,2024,Busia,Busia,D-,2.0
Budokomi_Mixed,Male,2024,Busia,Busia,E,1.0
Budokomi_Mixed,Male,2024,Busia,Busia,D-,2.0
Budokomi_Mixed,Male,2024,Busia,Busia,E,1.0
Budokomi_Mixed,Male,2024,Busia,Busia,E,1.0
Budokomi_Mixed,Male,2024,Busia,Busia,E,1.0
Budokomi_Mixed,Male,2024,Busia,Busia,E,1.0
Budokomi_Mixed,Male,2024,Busia,Busia,D-,2.0
Budokomi_Mixed,Male,2024,Busia,Busia,E,1.0
Budokomi_Mixed,Male,2024,Busia,Busia,E,1.0
Budokomi_Mixed,Male,2024,Busia,Busia,D-,2.0
Budokomi_Mixed,Male,2024,Busia,Busia,E,1.0
Budokomi_Mixed,Male,2024,Busia,Busia,E,1.0
Budokomi_Mixed,Male,2024,Busia,Busia,,
Budokomi_Mixed,Male,2024,Busia,Busia,E,1.0
Budokomi_Mixed,Male,2024,Busia,Busia,E,1.0
Budokomi_Mixed,Male,2024,Busia,Busia,E,1.0
Budokomi_Mixed,Male,2024,Busia,Busia,E,1.0
Budokomi_Mixed,Male,2024,Busia,Busia,E,1.0
Budokomi_Mixed,Male,2024,Busia,Busia,E,1.0
Budokomi_Mixed,Male,2024,Busia,Busia,D-,2.0
Budokomi_Mixed,Male,2024,Busia,Busia,E,1.0
Budokomi_Mixed,Male,2024,Busia,Busia,E,1.0
Budokomi_Mixed,Male,2024,Busia,Busia,E,1.0
Budokomi_Mixed,Male,2024,Busia,Busia,D-,2.0
Budokomi_Mixed,Male,2024,Busia,Busia,E,1.0
Budokomi_Mixed,Male,2024,Busia,Busia,E,1.0
Budokomi_Mixed,Male,2024,Busia,Busia,E,1.0
Budokomi_Mixed,Male,2024,Busia,Busia,E,1.0
Budokomi_Mixed,Male,2024,Busia,Busia,E,1.0
Budokomi_Mixed,Male,2024,Busia,Busia,E,1.0
Budokomi_Mixed,Male,2024,Busia,Busia,E,1.0
Budokomi_Mixed,Male,2024,Busia,Busia,E,1.0
Budokomi_Mixed,Male,2024,Busia,Busia,E,1.0
Budokomi_Mixed,Male,2024,Busia,Busia,X,
Budokomi_Mixed,Female,2024,Busia,Busia,C+,7.0
Budokomi_Mixed,Female,2024,Busia,Busia,C-,5.0
Budokomi_Mixed,Female,2024,Busia,Busia,E,1.0
Budokomi_Mixed,Female,2024,Busia,Busia,D,3.0
Budokomi_Mixed,Female,2024,Busia,Busia,D+,4.0
Budokomi_Mixed,Female,2024,Busia,Busia,D-,2.0
Budokomi_Mixed,Female,2024,Busia,Busia,D,3.0
Budokomi_Mixed,Female,2024,Busia,Busia,D-,2.0
Budokomi_Mixed,Female,2024,Busia,Busia,D,3.0
Budokomi_Mixed,Female,2024,Busia,Busia,D-,2.0
Budokomi_Mixed,Female,2024,Busia,Busia,D-,2.0
Budokomi_Mixed,Female,2024,Busia,Busia,D,3.0
Budokomi_Mixed,Female,2024,Busia,Busia,D,3.0
Budokomi_Mixed,Female,2024,Busia,Busia,D,3.0
Budokomi_Mixed,Female,2024,Busia,Busia,D-,2.0
Budokomi_Mixed,Female,2024,Busia,Busia,E,1.0
Budokomi_Mixed,Female,2024,Busia,Busia,E,1.0
Budokomi_Mixed,Female,2024,Busia,Busia,E,1.0
Budokomi_Mixed,Female,2024,Busia,Busia,E,1.0
Budokomi_Mixed,Female,2024,Busia,Busia,D-,2.0
Budokomi_Mixed,Female,2024,Busia,Busia,E,1.0
Budokomi_Mixed,Female,2024,Busia,Busia,D-,2.0
Budokomi_Mixed,Female,2024,Busia,Busia,E,1.0
Budokomi_Mixed,Female,2024,Busia,Busia,E,1.0
Budokomi_Mixed,Female,2024,Busia,Busia,E,1.0
Budokomi_Mixed,Female,2024,Busia,Busia,D-,2.0
Budokomi_Mixed,Female,2024,Busia,Busia,D-,2.0
Budokomi_Mixed,Female,2024,Busia,Busia,D-,2.0
Budokomi_Mixed,Female,2024,Busia,Busia,D-,2.0
Budokomi_Mixed,Female,2024,Busia,Busia,D-,2.0
Budokomi_Mixed,Female,2024,Busia,Busia,E,1.0
Budokomi_Mixed,Female,2024,Busia,Busia,D-,2.0
Budokomi_Mixed,Female,2024,Busia,Busia,E,1.0
Budokomi_Mixed,Female,2024,Busia,Busia,E,1.0
Budokomi_Mixed,Female,2024,Busia,Busia,D-,2.0
Budokomi_Mixed,Female,2024,Busia,Busia,E,1.0
Budokomi_Mixed,Female,2024,Busia,Busia,E,1.0
Budokomi_Mixed,Female,2024,Busia,Busia,E,1.0
Budokomi_Mixed,Female,2024,Busia,Busia,E,1.0
Budokomi_Mixed,Female,2024,Busia,Busia,D-,2.0
Budokomi_Mixed,Female,2024,Busia,Busia,E,1.0
Budokomi_Mixed,Female,2024,Busia,Busia,E,1.0
Budokomi_Mixed,Female,2024,Busia,Busia,D-,2.0
Budokomi_Mixed,Female,2024,Busia,Busia,E,1.0
Budokomi_Mixed,Female,2024,Busia,Busia,E,1.0
Budokomi_Mixed,Female,2024,Busia,Busia,E,1.0
Budokomi_Mixed,Female,2024,Busia,Busia,E,1.0
Budokomi_Mixed,Female,2024,Busia,Busia,E,1.0
Budokomi_Mixed,Female,2024,Busia,Busia,E,1.0
Budokomi_Mixed,Female,2024,Busia,Busia,E,1.0
Budokomi_Mixed,Female,2024,Busia,Busia,E,1.0
Budokomi_Mixed,Female,2024,Busia,Busia,E,1.0
Budokomi_Mixed,Female,2024,Busia,Busia,E,1.0
Budokomi_Mixed,Female,2024,Busia,Busia,E,1.0
Budokomi_Mixed,Female,2024,Busia,Busia,E,1.0
Budokomi_Mixed,Female,2024,Busia,Busia,E,1.0
Budokomi_Mixed,Female,2024,Busia,Busia,E,1.0
Budokomi_Mixed,Female,2024,Busia,Busia,E,1.0
Budokomi_Mixed,Female,2024,Busia,Busia,E,1.0
Budokomi_Mixed,Female,2024,Busia,Busia,E,1.0
Budokomi_Mixed,Female,2024,Busia,Busia,D-,2.0
Budokomi_Mixed,Female,2024,Busia,Busia,D+,4.0
Budokomi_Mixed,Female,2024,Busia,Busia,D-,2.0
Budokomi_Mixed,Female,2024,Busia,Busia,D-,2.0
Budokomi_Mixed,Female,2024,Busia,Busia,D-,2.0
Budokomi_Mixed,Female,2024,Busia,Busia,D,3.0
Budokomi_Mixed,Female,2024,Busia,Busia,D-,2.0
Budokomi_Mixed,Female,2024,Busia,Busia,E,1.0
Budokomi_Mixed,Female,2024,Busia,Busia,E,1.0
Budokomi_Mixed,Female,2024,Busia,Busia,E,1.0
Budokomi_Mixed,Female,2024,Busia,Busia,E,1.0
Budokomi_Mixed,Female,2024,Busia,Busia,D,3.0
Budokomi_Mixed,Female,2024,Busia,Busia,D,3.0
Budokomi_Mixed,Female,2024,Busia,Busia,D-,2.0
Budokomi_Mixed,Female,2024,Busia,Busia,D-,2.0
Budokomi_Mixed,Female,2024,Busia,Busia,D-,2.0
Budokomi_Mixed,Female,2024,Busia,Busia,D-,2.0
Budokomi_Mixed,Female,2024,Busia,Busia,D,3.0
Budokomi_Mixed,Female,2024,Busia,Busia,D-,2.0
Budokomi_Mixed,Female,2024,Busia,Busia,D-,2.0
Budokomi_Mixed,Female,2024,Busia,Busia,D-,2.0
Budokomi_Mixed,Female,2024,Busia,Busia,D-,2.0
Budokomi_Mixed,Female,2024,Busia,Busia,D-,2.0
Budokomi_Mixed,Female,2024,Busia,Busia,E,1.0
Budokomi_Mixed,Female,2024,Busia,Busia,E,1.0
Budokomi_Mixed,Female,2024,Busia,Busia,D-,2.0
Budokomi_Mixed,Female,2024,Busia,Busia,E,1.0
Budokomi_Mixed,Female,2024,Busia,Busia,D,3.0
Budokomi_Mixed,Female,2024,Busia,Busia,D-,2.0
Budokomi_Mixed,Female,2024,Busia,Busia,E,1.0
Budokomi_Mixed,Female,2024,Busia,Busia,E,1.0
Budokomi_Mixed,Female,2024,Busia,Busia,E,1.0
Budokomi_Mixed,Female,2024,Busia,Busia,E,1.0
Budokomi_Mixed,Female,2024,Busia,Busia,E,1.0
Budokomi_Mixed,Female,2024,Busia,Busia,E,1.0
Budokomi_Mixed,Female,2024,Busia,Busia,E,1.0
Budokomi_Mixed,Female,2024,Busia,Busia,E,1.0
Budokomi_Mixed,Female,2024,Busia,Busia,E,1.0
Budokomi_Mixed,Female,2024,Busia,Busia,E,1.0
Budokomi_Mixed,Female,2024,Busia,Busia,E,1.0
Budokomi_Mixed,Female,2024,Busia,Busia,E,1.0
Budokomi_Mixed,Female,2024,Busia,Busia,E,1.0
Budokomi_Mixed,Female,2024,Busia,Busia,E,1.0
Budokomi_Mixed,Female,2024,Busia,Busia,E,1.0
Budokomi_Mixed,Female,2024,Busia,Busia,E,1.0
Budokomi_Mixed,Female,2024,Busia,Busia,E,1.0
Budokomi_Mixed,Female,2024,Busia,Busia,E,1.0
Budokomi_Mixed,Female,2024,Busia,Busia,E,1.0
Budokomi_Mixed,Female,2024,Busia,Busia,E,1.0
Budokomi_Mixed,Female,2024,Busia,Busia,E,1.0
Budokomi_Mixed,Female,2024,Busia,Busia,E,1.0
Budokomi_Mixed,Female,2024,Busia,Busia,E,1.0
Budokomi_Mixed,Female,2024,Busia,Busia,E,1.0
Budokomi_Mixed,Male,2024,Busia,Busia,B+,10.0
Budokomi_Mixed,Male,2024,Busia,Busia,B,9.0
Budokomi_Mixed,Male,2024,Busia,Busia,C+,7.0
Budokomi_Mixed,Male,2024,Busia,Busia,D+,4.0
Budokomi_Mixed,Male,2024,Busia,Busia,B-,8.0
Budokomi_Mixed,Male,2024,Busia,Busia,C+,7.0
Budokomi_Mixed,Male,2024,Busia,Busia,D,3.0
Budokomi_Mixed,Male,2024,Busia,Busia,D-,2.0
Budokomi_Mixed,Male,2024,Busia,Busia,D-,2.0
Budokomi_Mixed,Male,2024,Busia,Busia,D+,4.0
Budokomi_Mixed,Male,2024,Busia,Busia,D,3.0
Budokomi_Mixed,Male,2024,Busia,Busia,D+,4.0
Budokomi_Mixed,Male,2024,Busia,Busia,D-,2.0
Budokomi_Mixed,Male,2024,Busia,Busia,D-,2.0
Budokomi_Mixed,Male,2024,Busia,Busia,E,1.0
Budokomi_Mixed,Male,2024,Busia,Busia,E,1.0
Budokomi_Mixed,Male,2024,Busia,Busia,E,1.0
Budokomi_Mixed,Male,2024,Busia,Busia,E,1.0
Budokomi_Mixed,Male,2024,Busia,Busia,D-,2.0
Budokomi_Mixed,Male,2024,Busia,Busia,E,1.0
Budokomi_Mixed,Male,2024,Busia,Busia,D-,2.0
Budokomi_Mixed,Male,2024,Busia,Busia,D-,2.0
Budokomi_Mixed,Male,2024,Busia,Busia,D-,2.0
Budokomi_Mixed,Male,2024,Busia,Busia,E,1.0
Budokomi_Mixed,Male,2024,Busia,Busia,D-,2.0
Budokomi_Mixed,Male,2024,Busia,Busia,E,1.0
Budokomi_Mixed,Male,2024,Busia,Busia,D-,2.0
Budokomi_Mixed,Male,2024,Busia,Busia,D-,2.0
Budokomi_Mixed,Male,2024,Busia,Busia,E,1.0
Budokomi_Mixed,Male,2024,Busia,Busia,D-,2.0
Budokomi_Mixed,Male,2024,Busia,Busia,E,1.0
Budokomi_Mixed,Male,2024,Busia,Busia,E,1.0
Budokomi_Mixed,Male,2024,Busia,Busia,D-,2.0
Budokomi_Mixed,Male,2024,Busia,Busia,E,1.0
Budokomi_Mixed,Male,2024,Busia,Busia,D-,2.0
Budokomi_Mixed,Male,2024,Busia,Busia,E,1.0
Budokomi_Mixed,Male,2024,Busia,Busia,E,1.0
Budokomi_Mixed,Male,2024,Busia,Busia,E,1.0
Budokomi_Mixed,Male,2024,Busia,Busia,D-,2.0
Budokomi_Mixed,Male,2024,Busia,Busia,E,1.0
Budokomi_Mixed,Male,2024,Busia,Busia,E,1.0
Budokomi_Mixed,Male,2024,Busia,Busia,E,1.0
Budokomi_Mixed,Male,2024,Busia,Busia,E,1.0
Budokomi_Mixed,Male,2024,Busia,Busia,D-,2.0
Budokomi_Mixed,Male,2024,Busia,Busia,E,1.0
Budokomi_Mixed,Male,2024,Busia,Busia,E,1.0
Budokomi_Mixed,Male,2024,Busia,Busia,E,1.0
Budokomi_Mixed,Male,2024,Busia,Busia,E,1.0
Budokomi_Mixed,Male,2024,Busia,Busia,E,1.0
Budokomi_Mixed,Male,2024,Busia,Busia,E,1.0
Budokomi_Mixed,Male,2024,Busia,Busia,E,1.0
Budokomi_Mixed,Male,2024,Busia,Busia,E,1.0
Budokomi_Mixed,Male,2024,Busia,Busia,E,1.0
Budokomi_Mixed,Male,2024,Busia,Busia,E,1.0
Budokomi_Mixed,Male,2024,Busia,Busia,E,1.0
Budokomi_Mixed,Male,2024,Busia,Busia,E,1.0
Budokomi_Mixed,Male,2024,Busia,Busia,E,1.0
Budokomi_Mixed,Male,2024,Busia,Busia,E,1.0
Budokomi_Mixed,Male,2024,Busia,Busia,E,1.0
Budokomi_Mixed,MALE,2022,Busia,Busia,B-,8.0
Budokomi_Mixed,MALE,2022,Busia,Busia,B-,8.0
Budokomi_Mixed,MALE,2022,Busia,Busia,C+,7.0
Budokomi_Mixed,MALE,2022,Busia,Busia,B-,8.0
Budokomi_Mixed,MALE,2022,Busia,Busia,B-,8.0
Budokomi_Mixed,MALE,2022,Busia,Busia,C+,7.0
Budokomi_Mixed,FEMALE,2022,Busia,Busia,D+,4.0
Budokomi_Mixed,MALE,2022,Busia,Busia,C+,7.0
Budokomi_Mixed,MALE,2022,Busia,Busia,D,3.0
Budokomi_Mixed,MALE,2022,Busia,Busia,B-,8.0
Budokomi_Mixed,MALE,2022,Busia,Busia,D,3.0
Budokomi_Mixed,MALE,2022,Busia,Busia,D,3.0
Budokomi_Mixed,FEMALE,2022,Busia,Busia,D,3.0
Budokomi_Mixed,MALE,2022,Busia,Busia,C-,5.0
Budokomi_Mixed,MALE,2022,Busia,Busia,B-,8.0
Budokomi_Mixed,MALE,2022,Busia,Busia,D,3.0
Budokomi_Mixed,MALE,2022,Busia,Busia,D-,2.0
Budokomi_Mixed,MALE,2022,Busia,Busia,C-,5.0
Budokomi_Mixed,MALE,2022,Busia,Busia,D,3.0
Budokomi_Mixed,FEMALE,2022,Busia,Busia,D+,4.0
Budokomi_Mixed,MALE,2022,Busia,Busia,D-,2.0
Budokomi_Mixed,MALE,2022,Busia,Busia,D,3.0
Budokomi_Mixed,FEMALE,2022,Busia,Busia,D,3.0
Budokomi_Mixed,MALE,2022,Busia,Busia,D,3.0
Budokomi_Mixed,FEMALE,2022,Busia,Busia,D,3.0
Budokomi_Mixed,FEMALE,2022,Busia,Busia,D,3.0
Budokomi_Mixed,FEMALE,2022,Busia,Busia,D-,2.0
Budokomi_Mixed,FEMALE,2022,Busia,Busia,E,1.0
Budokomi_Mixed,MALE,2022,Busia,Busia,E,1.0
Budokomi_Mixed,FEMALE,2022,Busia,Busia,D-,2.0
Budokomi_Mixed,FEMALE,2022,Busia,Busia,D-,2.0
Budokomi_Mixed,MALE,2022,Busia,Busia,D-,2.0
Budokomi_Mixed,FEMALE,2022,Busia,Busia,D,3.0
Budokomi_Mixed,FEMALE,2022,Busia,Busia,D-,2.0
Budokomi_Mixed,FEMALE,2022,Busia,Busia,E,1.0
Budokomi_Mixed,MALE,2022,Busia,Busia,D,3.0
Budokomi_Mixed,FEMALE,2022,Busia,Busia,E,1.0
Budokomi_Mixed,MALE,2022,Busia,Busia,D-,2.0
Budokomi_Mixed,MALE,2022,Busia,Busia,D,3.0
Budokomi_Mixed,FEMALE,2022,Busia,Busia,E,1.0
Budokomi_Mixed,FEMALE,2022,Busia,Busia,D-,2.0
Budokomi_Mixed,MALE,2022,Busia,Busia,E,1.0
Budokomi_Mixed,FEMALE,2022,Busia,Busia,E,1.0
Budokomi_Mixed,MALE,2022,Busia,Busia,E,1.0
Budokomi_Mixed,FEMALE,2022,Busia,Busia,D-,2.0
Budokomi_Mixed,FEMALE,2022,Busia,Busia,E,1.0
Budokomi_Mixed,FEMALE,2022,Busia,Busia,E,1.0
Budokomi_Mixed,MALE,2022,Busia,Busia,E,1.0
Budokomi_Mixed,FEMALE,2022,Busia,Busia,E,1.0
Budokomi_Mixed,FEMALE,2022,Busia,Busia,D-,2.0
Budokomi_Mixed,MALE,2022,Busia,Busia,E,1.0
Budokomi_Mixed,MALE,2022,Busia,Busia,D,3.0
Budokomi_Mixed,MALE,2022,Busia,Busia,D-,2.0
Budokomi_Mixed,MALE,2022,Busia,Busia,E,1.0
Budokomi_Mixed,FEMALE,2022,Busia,Busia,E,1.0
Budokomi_Mixed,MALE,2022,Busia,Busia,D-,2.0
Budokomi_Mixed,MALE,2022,Busia,Busia,E,1.0
Budokomi_Mixed,FEMALE,2022,Busia,Busia,E,1.0
Budokomi_Mixed,MALE,2022,Busia,Busia,D-,2.0
Budokomi_Mixed,MALE,2022,Busia,Busia,E,1.0
Budokomi_Mixed,FEMALE,2022,Busia,Busia,E,1.0
Budokomi_Mixed,MALE,2022,Busia,Busia,D-,2.0
Budokomi_Mixed,MALE,2022,Busia,Busia,D-,2.0
Budokomi_Mixed,FEMALE,2022,Busia,Busia,E,1.0
Budokomi_Mixed,MALE,2022,Busia,Busia,D-,2.0
Budokomi_Mixed,FEMALE,2022,Busia,Busia,E,1.0
Budokomi_Mixed,FEMALE,2022,Busia,Busia,E,1.0
Budokomi_Mixed,MALE,2022,Busia,Busia,D-,2.0
Budokomi_Mixed,FEMALE,2022,Busia,Busia,E,1.0
Budokomi_Mixed,FEMALE,2022,Busia,Busia,E,1.0
Budokomi_Mixed,FEMALE,2022,Busia,Busia,E,1.0
Budokomi_Mixed,FEMALE,2022,Busia,Busia,E,1.0
Budokomi_Mixed,MALE,2022,Busia,Busia,D-,2.0
Budokomi_Mixed,MALE,2022,Busia,Busia,E,1.0
Budokomi_Mixed,MALE,2022,Busia,Busia,E,1.0
Budokomi_Mixed,FEMALE,2022,Busia,Busia,E,1.0
Budokomi_Mixed,FEMALE,2022,Busia,Busia,E,1.0
Budokomi_Mixed,MALE,2022,Busia,Busia,D-,2.0
Budokomi_Mixed,FEMALE,2022,Busia,Busia,D-,2.0
Budokomi_Mixed,MALE,2022,Busia,Busia,E,1.0
Budokomi_Mixed,FEMALE,2022,Busia,Busia,E,1.0
Budokomi_Mixed,FEMALE,2022,Busia,Busia,E,1.0
Budokomi_Mixed,MALE,2022,Busia,Busia,E,1.0
Budokomi_Mixed,FEMALE,2022,Busia,Busia,E,1.0
Budokomi_Mixed,FEMALE,2022,Busia,Busia,E,1.0
Budokomi_Mixed,FEMALE,2022,Busia,Busia,D,3.0
Budokomi_Mixed,MALE,2022,Busia,Busia,D-,2.0
Budokomi_Mixed,MALE,2022,Busia,Busia,E,1.0
Budokomi_Mixed,MALE,2022,Busia,Busia,E,1.0
Budokomi_Mixed,FEMALE,2022,Busia,Busia,E,1.0
Budokomi_Mixed,MALE,2022,Busia,Busia,D-,2.0
Budokomi_Mixed,MALE,2022,Busia,Busia,D-,2.0
Budokomi_Mixed,FEMALE,2022,Busia,Busia,E,1.0
Budokomi_Mixed,FEMALE,2022,Busia,Busia,E,1.0
Budokomi_Mixed,FEMALE,2022,Busia,Busia,E,1.0
Budokomi_Mixed,FEMALE,2022,Busia,Busia,E,1.0
Budokomi_Mixed,FEMALE,2022,Busia,Busia,E,1.0
Budokomi_Mixed,MALE,2022,Busia,Busia,E,1.0
Budokomi_Mixed,MALE,2022,Busia,Busia,E,1.0
Budokomi_Mixed,MALE,2022,Busia,Busia,E,1.0
Budokomi_Mixed,FEMALE,2022,Busia,Busia,E,1.0
Budokomi_Mixed,MALE,2022,Busia,Busia,E,1.0
Budokomi_Mixed,FEMALE,2022,Busia,Busia,E,1.0
Budokomi_Mixed,FEMALE,2022,Busia,Busia,E,1.0
Budokomi_Mixed,MALE,2022,Busia,Busia,E,1.0
Budokomi_Mixed,M,2022,Busia,Busia,E,1.0
Budokomi_Mixed,MALE,2022,Busia,Busia,E,1.0
Budokomi_Mixed,FEMALE,2022,Busia,Busia,E,1.0
Budokomi_Mixed,MALE,2022,Busia,Busia,E,1.0
Budokomi_Mixed,FEMALE,2022,Busia,Busia,E,1.0
Budokomi_Mixed,MALE,2022,Busia,Busia,E,1.0
Budokomi_Mixed,FEMALE,2022,Busia,Busia,E,1.0
Budokomi_Mixed,FEMALE,2022,Busia,Busia,E,1.0
Budokomi_Mixed,FEMALE,2022,Busia,Busia,E,1.0
Budokomi_Mixed,FEMALE,2022,Busia,Busia,E,1.0
Budokomi_Mixed,FEMALE,2022,Busia,Busia,E,1.0
Budokomi_Mixed,FEMALE,2022,Busia,Busia,E,1.0
Budokomi_Mixed,MALE,2022,Busia,Busia,E,1.0
Budokomi_Mixed,FEMALE,2022,Busia,Busia,D-,2.0
Budokomi_Mixed,FEMALE,2022,Busia,Busia,E,1.0
Budokomi_Mixed,FEMALE,2022,Busia,Busia,E,1.0
Budokomi_Mixed,FEMALE,2022,Busia,Busia,E,1.0
Budokomi_Mixed,FEMALE,2022,Busia,Busia,E,1.0
Budokomi_Mixed,FEMALE,2022,Busia,Busia,E,1.0
Budokomi_Mixed,MALE,2022,Busia,Busia,E,1.0
Budokomi_Mixed,MALE,2022,Busia,Busia,E,1.0
Budokomi_Mixed,FEMALE,2022,Busia,Busia,E,1.0
Budokomi_Mixed,FEMALE,2022,Busia,Busia,E,1.0
Budokomi_Mixed,FEMALE,2022,Busia,Busia,E,1.0
Budokomi_Mixed,FEMALE,2022,Busia,Busia,E,1.0
Budokomi_Mixed,FEMALE,2022,Busia,Busia,E,1.0
Budokomi_Mixed,FEMALE,2022,Busia,Busia,E,1.0
Budokomi_Mixed,FEMALE,2022,Busia,Busia,E,1.0
Budokomi_Mixed,MALE,2022,Busia,Busia,E,1.0
Budokomi_Mixed,MALE,2022,Busia,Busia,E,1.0
Budokomi_Mixed,FEMALE,2022,Busia,Busia,E,1.0
Budokomi_Mixed,MALE,2022,Busia,Busia,E,1.0
Budokomi_Mixed,FEMALE,2022,Busia,Busia,E,1.0
Budokomi_Mixed,MALE,2022,Busia,Busia,E,1.0
Budokomi_Mixed,FEMALE,2022,Busia,Busia,E,1.0
Budokomi_Mixed,FEMALE,2022,Busia,Busia,E,1.0
Budokomi_Mixed,MALE,2022,Busia,Busia,D-,2.0
Budokomi_Mixed,FEMALE,2022,Busia,Busia,E,1.0
Budokomi_Mixed,MALE,2022,Busia,Busia,E,1.0
Budokomi_Mixed,MALE,2022,Busia,Busia,D-,2.0
Budokomi_Mixed,FEMALE,2022,Busia,Busia,E,1.0
Budokomi_Mixed,MALE,2022,Busia,Busia,E,1.0
Budokomi_Mixed,MALE,2022,Busia,Busia,E,1.0
Budokomi_Mixed,MALE,2022,Busia,Busia,E,1.0
Budokomi_Mixed,FEMALE,2022,Busia,Busia,E,1.0
Budokomi_Mixed,MALE,2022,Busia,Busia,E,1.0
Budokomi_Mixed,MALE,2022,Busia,Busia,E,1.0
Budokomi_Mixed,MALE,2022,Busia,Busia,E,1.0
Budokomi_Mixed,FEMALE,2022,Busia,Busia,E,1.0
Budokomi_Mixed,MALE,2022,Busia,Busia,E,1.0
Budokomi_Mixed,MALE,2022,Busia,Busia,E,1.0
Budokomi_Mixed,MALE,2022,Busia,Busia,E,1.0
Budokomi_Mixed,FEMALE,2022,Busia,Busia,E,1.0
Budokomi_Mixed,MALE,2022,Busia,Busia,E,1.0
Budokomi_Mixed,FEMALE,2022,Busia,Busia,E,1.0
Budokomi_Mixed,FEMALE,2022,Busia,Busia,E,1.0
Budokomi_Mixed,FEMALE,2022,Busia,Busia,E,1.0
Budokomi_Mixed,MALE,2022,Busia,Busia,E,1.0
Budokomi_Mixed,MALE,2022,Busia,Busia,E,1.0
Budokomi_Mixed,MALE,2022,Busia,Busia,E,1.0
Budokomi_Mixed,MALE,2022,Busia,Busia,E,1.0
Magunga_Mixed,MALE,2024,Nyakach,Kisumu,B+,10.0
Magunga_Mixed,MALE,2024,Nyakach,Kisumu,B-,8.0
Magunga_Mixed,MALE,2024,Nyakach,Kisumu,B-,8.0
Magunga_Mixed,MALE,2024,Nyakach,Kisumu,B-,8.0
Magunga_Mixed,MALE,2024,Nyakach,Kisumu,B-,8.0
Magunga_Mixed,FEMALE,2024,Nyakach,Kisumu,B-,8.0
Magunga_Mixed,FEMALE,2024,Nyakach,Kisumu,B-,8.0
Magunga_Mixed,MALE,2024,Nyakach,Kisumu,C+,7.0
Magunga_Mixed,MALE,2024,Nyakach,Kisumu,C+,7.0
Magunga_Mixed,MALE,2024,Nyakach,Kisumu,C+,7.0
Magunga_Mixed,FEMALE,2024,Nyakach,Kisumu,C+,7.0
Magunga_Mixed,FEMALE,2024,Nyakach,Kisumu,C+,7.0
Magunga_Mixed,FEMALE,2024,Nyakach,Kisumu,C+,7.0
Magunga_Mixed,FEMALE,2024,Nyakach,Kisumu,C+,7.0
Magunga_Mixed,MALE,2024,Nyakach,Kisumu,C,6.0
Magunga_Mixed,MALE,2024,Nyakach,Kisumu,C,6.0
Magunga_Mixed,MALE,2024,Nyakach,Kisumu,C,6.0
Magunga_Mixed,MALE,2024,Nyakach,Kisumu,C,6.0
Magunga_Mixed,MALE,2024,Nyakach,Kisumu,C,6.0
Magunga_Mixed,FEMALE,2024,Nyakach,Kisumu,C,6.0
Magunga_Mixed,FEMALE,2024,Nyakach,Kisumu,C,6.0
Magunga_Mixed,FEMALE,2024,Nyakach,Kisumu,C,6.0
Magunga_Mixed,FEMALE,2024,Nyakach,Kisumu,C,6.0
Magunga_Mixed,MALE,2024,Nyakach,Kisumu,C-,5.0
Magunga_Mixed,MALE,2024,Nyakach,Kisumu,C-,5.0
Magunga_Mixed,MALE,2024,Nyakach,Kisumu,C-,5.0
Magunga_Mixed,MALE,2024,Nyakach,Kisumu,C-,5.0
Magunga_Mixed,MALE,2024,Nyakach,Kisumu,C-,5.0
Magunga_Mixed,MALE,2024,Nyakach,Kisumu,C-,5.0
Magunga_Mixed,MALE,2024,Nyakach,Kisumu,C-,5.0
Magunga_Mixed,MALE,2024,Nyakach,Kisumu,C-,5.0
Magunga_Mixed,FEMALE,2024,Nyakach,Kisumu,C-,5.0
Magunga_Mixed,FEMALE,2024,Nyakach,Kisumu,C-,5.0
Magunga_Mixed,FEMALE,2024,Nyakach,Kisumu,C-,5.0
Magunga_Mixed,FEMALE,2024,Nyakach,Kisumu,C-,5.0
Magunga_Mixed,FEMALE,2024,Nyakach,Kisumu,C-,5.0
Magunga_Mixed,FEMALE,2024,Nyakach,Kisumu,C-,5.0
Magunga_Mixed,MALE,2024,Nyakach,Kisumu,D+,4.0
Magunga_Mixed,MALE,2024,Nyakach,Kisumu,D+,4.0
Magunga_Mixed,MALE,2024,Nyakach,Kisumu,D+,4.0
Magunga_Mixed,MALE,2024,Nyakach,Kisumu,D+,4.0
Magunga_Mixed,MALE,2024,Nyakach,Kisumu,D+,4.0
Magunga_Mixed,MALE,2024,Nyakach,Kisumu,D+,4.0
Magunga_Mixed,MALE,2024,Nyakach,Kisumu,D+,4.0
Magunga_Mixed,MALE,2024,Nyakach,Kisumu,D+,4.0
Magunga_Mixed,MALE,2024,Nyakach,Kisumu,D+,4.0
Magunga_Mixed,MALE,2024,Nyakach,Kisumu,D+,4.0
Magunga_Mixed,MALE,2024,Nyakach,Kisumu,D+,4.0
Magunga_Mixed,MALE,2024,Nyakach,Kisumu,D+,4.0
Magunga_Mixed,MALE,2024,Nyakach,Kisumu,D+,4.0
Magunga_Mixed,MALE,2024,Nyakach,Kisumu,D+,4.0
Magunga_Mixed,MALE,2024,Nyakach,Kisumu,D+,4.0
Magunga_Mixed,FEMALE,2024,Nyakach,Kisumu,D+,4.0
Magunga_Mixed,FEMALE,2024,Nyakach,Kisumu,D+,4.0
Magunga_Mixed,FEMALE,2024,Nyakach,Kisumu,D+,4.0
Magunga_Mixed,FEMALE,2024,Nyakach,Kisumu,D+,4.0
Magunga_Mixed,FEMALE,2024,Nyakach,Kisumu,D+,4.0
Magunga_Mixed,FEMALE,2024,Nyakach,Kisumu,D+,4.0
Magunga_Mixed,FEMALE,2024,Nyakach,Kisumu,D+,4.0
Magunga_Mixed,FEMALE,2024,Nyakach,Kisumu,D+,4.0
Magunga_Mixed,FEMALE,2024,Nyakach,Kisumu,D+,4.0
Magunga_Mixed,FEMALE,2024,Nyakach,Kisumu,D+,4.0
Magunga_Mixed,FEMALE,2024,Nyakach,Kisumu,D+,4.0
Magunga_Mixed,FEMALE,2024,Nyakach,Kisumu,D+,4.0
Magunga_Mixed,FEMALE,2024,Nyakach,Kisumu,D+,4.0
Magunga_Mixed,FEMALE,2024,Nyakach,Kisumu,D+,4.0
Magunga_Mixed,FEMALE,2024,Nyakach,Kisumu,D+,4.0
Magunga_Mixed,FEMALE,2024,Nyakach,Kisumu,D+,4.0
Magunga_Mixed,FEMALE,2024,Nyakach,Kisumu,D+,4.0
Magunga_Mixed,FEMALE,2024,Nyakach,Kisumu,D+,4.0
Magunga_Mixed,FEMALE,2024,Nyakach,Kisumu,D+,4.0
Magunga_Mixed,FEMALE,2024,Nyakach,Kisumu,D+,4.0
Magunga_Mixed,MALE,2024,Nyakach,Kisumu,D,3.0
Magunga_Mixed,MALE,2024,Nyakach,Kisumu,D,3.0
Magunga_Mixed,MALE,2024,Nyakach,Kisumu,D,3.0
Magunga_Mixed,MALE,2024,Nyakach,Kisumu,D,3.0
Magunga_Mixed,MALE,2024,Nyakach,Kisumu,D,3.0
Magunga_Mixed,MALE,2024,Nyakach,Kisumu,D,3.0
Magunga_Mixed,MALE,2024,Nyakach,Kisumu,D,3.0
Magunga_Mixed,MALE,2024,Nyakach,Kisumu,D,3.0
Magunga_Mixed,MALE,2024,Nyakach,Kisumu,D,3.0
Magunga_Mixed,MALE,2024,Nyakach,Kisumu,D,3.0
Magunga_Mixed,MALE,2024,Nyakach,Kisumu,D,3.0
Magunga_Mixed,MALE,2024,Nyakach,Kisumu,D,3.0
Magunga_Mixed,MALE,2024,Nyakach,Kisumu,D,3.0
Magunga_Mixed,MALE,2024,Nyakach,Kisumu,D,3.0
Magunga_Mixed,MALE,2024,Nyakach,Kisumu,D,3.0
Magunga_Mixed,MALE,2024,Nyakach,Kisumu,D,3.0
Magunga_Mixed,MALE,2024,Nyakach,Kisumu,D,3.0
Magunga_Mixed,MALE,2024,Nyakach,Kisumu,D,3.0
Magunga_Mixed,MALE,2024,Nyakach,Kisumu,D,3.0
Magunga_Mixed,MALE,2024,Nyakach,Kisumu,D,3.0
Magunga_Mixed,MALE,2024,Nyakach,Kisumu,D,3.0
Magunga_Mixed,MALE,2024,Nyakach,Kisumu,D,3.0
Magunga_Mixed,MALE,2024,Nyakach,Kisumu,D,3.0
Magunga_Mixed,MALE,2024,Nyakach,Kisumu,D,3.0
Magunga_Mixed,MALE,2024,Nyakach,Kisumu,D,3.0
Magunga_Mixed,MALE,2024,Nyakach,Kisumu,D,3.0
Magunga_Mixed,MALE,2024,Nyakach,Kisumu,D,3.0
Magunga_Mixed,MALE,2024,Nyakach,Kisumu,D,3.0
Magunga_Mixed,MALE,2024,Nyakach,Kisumu,D,3.0
Magunga_Mixed,MALE,2024,Nyakach,Kisumu,D,3.0
Magunga_Mixed,MALE,2024,Nyakach,Kisumu,D,3.0
Magunga_Mixed,MALE,2024,Nyakach,Kisumu,D,3.0
Magunga_Mixed,MALE,2024,Nyakach,Kisumu,D,3.0
Magunga_Mixed,MALE,2024,Nyakach,Kisumu,D,3.0
Magunga_Mixed,MALE,2024,Nyakach,Kisumu,D,3.0
Magunga_Mixed,MALE,2024,Nyakach,Kisumu,D,3.0
Magunga_Mixed,MALE,2024,Nyakach,Kisumu,D,3.0
Magunga_Mixed,MALE,2024,Nyakach,Kisumu,D,3.0
Magunga_Mixed,MALE,2024,Nyakach,Kisumu,D,3.0
Magunga_Mixed,MALE,2024,Nyakach,Kisumu,D,3.0
Magunga_Mixed,MALE,2024,Nyakach,Kisumu,D,3.0
Magunga_Mixed,MALE,2024,Nyakach,Kisumu,D,3.0
Magunga_Mixed,MALE,2024,Nyakach,Kisumu,D,3.0
Magunga_Mixed,MALE,2024,Nyakach,Kisumu,D,3.0
Magunga_Mixed,MALE,2024,Nyakach,Kisumu,D,3.0
Magunga_Mixed,MALE,2024,Nyakach,Kisumu,D,3.0
Magunga_Mixed,MALE,2024,Nyakach,Kisumu,D,3.0
Magunga_Mixed,MALE,2024,Nyakach,Kisumu,D,3.0
Magunga_Mixed,MALE,2024,Nyakach,Kisumu,D,3.0
Magunga_Mixed,MALE,2024,Nyakach,Kisumu,D,3.0
Magunga_Mixed,MALE,2024,Nyakach,Kisumu,D,3.0
Magunga_Mixed,MALE,2024,Nyakach,Kisumu,D,3.0
Magunga_Mixed,MALE,2024,Nyakach,Kisumu,D,3.0
Magunga_Mixed,MALE,2024,Nyakach,Kisumu,D,3.0
Magunga_Mixed,MALE,2024,Nyakach,Kisumu,D,3.0
Magunga_Mixed,MALE,2024,Nyakach,Kisumu,D,3.0
Magunga_Mixed,MALE,2024,Nyakach,Kisumu,D,3.0
Magunga_Mixed,MALE,2024,Nyakach,Kisumu,D,3.0
Magunga_Mixed,MALE,2024,Nyakach,Kisumu,D,3.0
Magunga_Mixed,MALE,2024,Nyakach,Kisumu,D,3.0
Magunga_Mixed,MALE,2024,Nyakach,Kisumu,D,3.0
Magunga_Mixed,MALE,2024,Nyakach,Kisumu,D,3.0
Magunga_Mixed,MALE,2024,Nyakach,Kisumu,D,3.0
Magunga_Mixed,MALE,2024,Nyakach,Kisumu,D,3.0
Magunga_Mixed,MALE,2024,Nyakach,Kisumu,D,3.0
Magunga_Mixed,MALE,2024,Nyakach,Kisumu,D,3.0
Magunga_Mixed,MALE,2024,Nyakach,Kisumu,D,3.0
Magunga_Mixed,MALE,2024,Nyakach,Kisumu,D,3.0
Magunga_Mixed,MALE,2024,Nyakach,Kisumu,D,3.0
Magunga_Mixed,MALE,2024,Nyakach,Kisumu,D,3.0
Magunga_Mixed,MALE,2024,Nyakach,Kisumu,D,3.0
Magunga_Mixed,MALE,2024,Nyakach,Kisumu,D,3.0
Magunga_Mixed,MALE,2024,Nyakach,Kisumu,D,3.0
Magunga_Mixed,MALE,2024,Nyakach,Kisumu,D,3.0
Magunga_Mixed,MALE,2024,Nyakach,Kisumu,D,3.0
Magunga_Mixed,MALE,2024,Nyakach,Kisumu,D,3.0
Magunga_Mixed,MALE,2024,Nyakach,Kisumu,D,3.0
Magunga_Mixed,MALE,2024,Nyakach,Kisumu,D,3.0
Magunga_Mixed,MALE,2024,Nyakach,Kisumu,D,3.0
Magunga_Mixed,MALE,2024,Nyakach,Kisumu,D,3.0
Magunga_Mixed,FEMALE,2024,Nyakach,Kisumu,D,3.0
Magunga_Mixed,FEMALE,2024,Nyakach,Kisumu,D,3.0
Magunga_Mixed,FEMALE,2024,Nyakach,Kisumu,D,3.0
Magunga_Mixed,FEMALE,2024,Nyakach,Kisumu,D,3.0
Magunga_Mixed,FEMALE,2024,Nyakach,Kisumu,D,3.0
Magunga_Mixed,FEMALE,2024,Nyakach,Kisumu,D,3.0
Magunga_Mixed,FEMALE,2024,Nyakach,Kisumu,D,3.0
Magunga_Mixed,FEMALE,2024,Nyakach,Kisumu,D,3.0
Magunga_Mixed,FEMALE,2024,Nyakach,Kisumu,D,3.0
Magunga_Mixed,FEMALE,2024,Nyakach,Kisumu,D,3.0
Magunga_Mixed,FEMALE,2024,Nyakach,Kisumu,D,3.0
Magunga_Mixed,FEMALE,2024,Nyakach,Kisumu,D,3.0
Magunga_Mixed,FEMALE,2024,Nyakach,Kisumu,D,3.0
Magunga_Mixed,FEMALE,2024,Nyakach,Kisumu,D,3.0
Magunga_Mixed,FEMALE,2024,Nyakach,Kisumu,D,3.0
Magunga_Mixed,FEMALE,2024,Nyakach,Kisumu,D,3.0
Magunga_Mixed,FEMALE,2024,Nyakach,Kisumu,D,3.0
Magunga_Mixed,FEMALE,2024,Nyakach,Kisumu,D,3.0
Magunga_Mixed,FEMALE,2024,Nyakach,Kisumu,D,3.0
Magunga_Mixed,FEMALE,2024,Nyakach,Kisumu,D,3.0
Magunga_Mixed,FEMALE,2024,Nyakach,Kisumu,D,3.0
Magunga_Mixed,FEMALE,2024,Nyakach,Kisumu,D,3.0
Magunga_Mixed,FEMALE,2024,Nyakach,Kisumu,D,3.0
Magunga_Mixed,FEMALE,2024,Nyakach,Kisumu,D,3.0
Magunga_Mixed,FEMALE,2024,Nyakach,Kisumu,D,3.0
Magunga_Mixed,FEMALE,2024,Nyakach,Kisumu,D,3.0
Magunga_Mixed,FEMALE,2024,Nyakach,Kisumu,D,3.0
Magunga_Mixed,FEMALE,2024,Nyakach,Kisumu,D,3.0
Magunga_Mixed,FEMALE,2024,Nyakach,Kisumu,D,3.0
Magunga_Mixed,FEMALE,2024,Nyakach,Kisumu,D,3.0
Magunga_Mixed,FEMALE,2024,Nyakach,Kisumu,D,3.0
Magunga_Mixed,FEMALE,2024,Nyakach,Kisumu,D,3.0
Magunga_Mixed,FEMALE,2024,Nyakach,Kisumu,D,3.0
Magunga_Mixed,FEMALE,2024,Nyakach,Kisumu,D,3.0
Magunga_Mixed,FEMALE,2024,Nyakach,Kisumu,D,3.0
Magunga_Mixed,FEMALE,2024,Nyakach,Kisumu,D,3.0
Magunga_Mixed,FEMALE,2024,Nyakach,Kisumu,D,3.0
Magunga_Mixed,FEMALE,2024,Nyakach,Kisumu,D,3.0
Magunga_Mixed,FEMALE,2024,Nyakach,Kisumu,D,3.0
Magunga_Mixed,FEMALE,2024,Nyakach,Kisumu,D,3.0
Magunga_Mixed,FEMALE,2024,Nyakach,Kisumu,D,3.0
Magunga_Mixed,FEMALE,2024,Nyakach,Kisumu,D,3.0
Magunga_Mixed,FEMALE,2024,Nyakach,Kisumu,D,3.0
Magunga_Mixed,FEMALE,2024,Nyakach,Kisumu,D,3.0
Magunga_Mixed,FEMALE,2024,Nyakach,Kisumu,D,3.0
Magunga_Mixed,FEMALE,2024,Nyakach,Kisumu,D,3.0
Magunga_Mixed,FEMALE,2024,Nyakach,Kisumu,D,3.0
Magunga_Mixed,FEMALE,2024,Nyakach,Kisumu,D,3.0
Magunga_Mixed,FEMALE,2024,Nyakach,Kisumu,D,3.0
Magunga_Mixed,FEMALE,2024,Nyakach,Kisumu,D,3.0
Magunga_Mixed,MALE,2024,Nyakach,Kisumu,D-,2.0
Magunga_Mixed,MALE,2024,Nyakach,Kisumu,D-,2.0
Magunga_Mixed,MALE,2024,Nyakach,Kisumu,D-,2.0
Magunga_Mixed,MALE,2024,Nyakach,Kisumu,D-,2.0
Magunga_Mixed,MALE,2024,Nyakach,Kisumu,D-,2.0
Magunga_Mixed,MALE,2024,Nyakach,Kisumu,D-,2.0
Magunga_Mixed,MALE,2024,Nyakach,Kisumu,D-,2.0
Magunga_Mixed,MALE,2024,Nyakach,Kisumu,D-,2.0
Magunga_Mixed,MALE,2024,Nyakach,Kisumu,D-,2.0
Magunga_Mixed,MALE,2024,Nyakach,Kisumu,D-,2.0
Magunga_Mixed,MALE,2024,Nyakach,Kisumu,D-,2.0
Magunga_Mixed,MALE,2024,Nyakach,Kisumu,D-,2.0
Magunga_Mixed,MALE,2024,Nyakach,Kisumu,D-,2.0
Magunga_Mixed,MALE,2024,Nyakach,Kisumu,D-,2.0
Magunga_Mixed,MALE,2024,Nyakach,Kisumu,D-,2.0
Magunga_Mixed,MALE,2024,Nyakach,Kisumu,D-,2.0
Magunga_Mixed,MALE,2024,Nyakach,Kisumu,D-,2.0
Magunga_Mixed,MALE,2024,Nyakach,Kisumu,D-,2.0
Magunga_Mixed,MALE,2024,Nyakach,Kisumu,D-,2.0
Magunga_Mixed,MALE,2024,Nyakach,Kisumu,D-,2.0
Magunga_Mixed,MALE,2024,Nyakach,Kisumu,D-,2.0
Magunga_Mixed,MALE,2024,Nyakach,Kisumu,D-,2.0
Magunga_Mixed,MALE,2024,Nyakach,Kisumu,D-,2.0
Magunga_Mixed,MALE,2024,Nyakach,Kisumu,D-,2.0
Magunga_Mixed,MALE,2024,Nyakach,Kisumu,D-,2.0
Magunga_Mixed,MALE,2024,Nyakach,Kisumu,D-,2.0
Magunga_Mixed,MALE,2024,Nyakach,Kisumu,D-,2.0
Magunga_Mixed,MALE,2024,Nyakach,Kisumu,D-,2.0
Magunga_Mixed,MALE,2024,Nyakach,Kisumu,D-,2.0
Magunga_Mixed,MALE,2024,Nyakach,Kisumu,D-,2.0
Magunga_Mixed,MALE,2024,Nyakach,Kisumu,D-,2.0
Magunga_Mixed,MALE,2024,Nyakach,Kisumu,D-,2.0
Magunga_Mixed,MALE,2024,Nyakach,Kisumu,D-,2.0
Magunga_Mixed,MALE,2024,Nyakach,Kisumu,D-,2.0
Magunga_Mixed,MALE,2024,Nyakach,Kisumu,D-,2.0
Magunga_Mixed,MALE,2024,Nyakach,Kisumu,D-,2.0
Magunga_Mixed,MALE,2024,Nyakach,Kisumu,D-,2.0
Magunga_Mixed,MALE,2024,Nyakach,Kisumu,D-,2.0
Magunga_Mixed,MALE,2024,Nyakach,Kisumu,D-,2.0
Magunga_Mixed,MALE,2024,Nyakach,Kisumu,D-,2.0
Magunga_Mixed,MALE,2024,Nyakach,Kisumu,D-,2.0
Magunga_Mixed,MALE,2024,Nyakach,Kisumu,D-,2.0
Magunga_Mixed,MALE,2024,Nyakach,Kisumu,D-,2.0
Magunga_Mixed,MALE,2024,Nyakach,Kisumu,D-,2.0
Magunga_Mixed,MALE,2024,Nyakach,Kisumu,D-,2.0
Magunga_Mixed,MALE,2024,Nyakach,Kisumu,D-,2.0
Magunga_Mixed,MALE,2024,Nyakach,Kisumu,D-,2.0
Magunga_Mixed,MALE,2024,Nyakach,Kisumu,D-,2.0
Magunga_Mixed,MALE,2024,Nyakach,Kisumu,D-,2.0
Magunga_Mixed,MALE,2024,Nyakach,Kisumu,D-,2.0
Magunga_Mixed,MALE,2024,Nyakach,Kisumu,D-,2.0
Magunga_Mixed,MALE,2024,Nyakach,Kisumu,D-,2.0
Magunga_Mixed,MALE,2024,Nyakach,Kisumu,D-,2.0
Magunga_Mixed,MALE,2024,Nyakach,Kisumu,D-,2.0
Magunga_Mixed,MALE,2024,Nyakach,Kisumu,D-,2.0
Magunga_Mixed,MALE,2024,Nyakach,Kisumu,D-,2.0
Magunga_Mixed,MALE,2024,Nyakach,Kisumu,D-,2.0
Magunga_Mixed,MALE,2024,Nyakach,Kisumu,D-,2.0
Magunga_Mixed,MALE,2024,Nyakach,Kisumu,D-,2.0
Magunga_Mixed,MALE,2024,Nyakach,Kisumu,D-,2.0
Magunga_Mixed,MALE,2024,Nyakach,Kisumu,D-,2.0
Magunga_Mixed,MALE,2024,Nyakach,Kisumu,D-,2.0
Magunga_Mixed,MALE,2024,Nyakach,Kisumu,D-,2.0
Magunga_Mixed,MALE,2024,Nyakach,Kisumu,D-,2.0
Magunga_Mixed,MALE,2024,Nyakach,Kisumu,D-,2.0
Magunga_Mixed,MALE,2024,Nyakach,Kisumu,D-,2.0
Magunga_Mixed,MALE,2024,Nyakach,Kisumu,D-,2.0
Magunga_Mixed,MALE,2024,Nyakach,Kisumu,D-,2.0
Magunga_Mixed,MALE,2024,Nyakach,Kisumu,D-,2.0
Magunga_Mixed,MALE,2024,Nyakach,Kisumu,D-,2.0
Magunga_Mixed,MALE,2024,Nyakach,Kisumu,D-,2.0
Magunga_Mixed,MALE,2024,Nyakach,Kisumu,D-,2.0
Magunga_Mixed,MALE,2024,Nyakach,Kisumu,D-,2.0
Magunga_Mixed,MALE,2024,Nyakach,Kisumu,D-,2.0
Magunga_Mixed,MALE,2024,Nyakach,Kisumu,D-,2.0
Magunga_Mixed,MALE,2024,Nyakach,Kisumu,D-,2.0
Magunga_Mixed,MALE,2024,Nyakach,Kisumu,D-,2.0
Magunga_Mixed,MALE,2024,Nyakach,Kisumu,D-,2.0
Magunga_Mixed,MALE,2024,Nyakach,Kisumu,D-,2.0
Magunga_Mixed,MALE,2024,Nyakach,Kisumu,D-,2.0
Magunga_Mixed,MALE,2024,Nyakach,Kisumu,D-,2.0
Magunga_Mixed,MALE,2024,Nyakach,Kisumu,D-,2.0
Magunga_Mixed,MALE,2024,Nyakach,Kisumu,D-,2.0
Magunga_Mixed,MALE,2024,Nyakach,Kisumu,D-,2.0
Magunga_Mixed,MALE,2024,Nyakach,Kisumu,D-,2.0
Magunga_Mixed,MALE,2024,Nyakach,Kisumu,D-,2.0
Magunga_Mixed,MALE,2024,Nyakach,Kisumu,D-,2.0
Magunga_Mixed,MALE,2024,Nyakach,Kisumu,D-,2.0
Magunga_Mixed,MALE,2024,Nyakach,Kisumu,D-,2.0
Magunga_Mixed,MALE,2024,Nyakach,Kisumu,D-,2.0
Magunga_Mixed,FEMALE,2024,Nyakach,Kisumu,D-,2.0
Magunga_Mixed,FEMALE,2024,Nyakach,Kisumu,D-,2.0
Magunga_Mixed,FEMALE,2024,Nyakach,Kisumu,D-,2.0
Magunga_Mixed,FEMALE,2024,Nyakach,Kisumu,D-,2.0
Magunga_Mixed,FEMALE,2024,Nyakach,Kisumu,D-,2.0
Magunga_Mixed,FEMALE,2024,Nyakach,Kisumu,D-,2.0
Magunga_Mixed,FEMALE,2024,Nyakach,Kisumu,D-,2.0
Magunga_Mixed,FEMALE,2024,Nyakach,Kisumu,D-,2.0
Magunga_Mixed,FEMALE,2024,Nyakach,Kisumu,D-,2.0
Magunga_Mixed,FEMALE,2024,Nyakach,Kisumu,D-,2.0
Magunga_Mixed,FEMALE,2024,Nyakach,Kisumu,D-,2.0
Magunga_Mixed,FEMALE,2024,Nyakach,Kisumu,D-,2.0
Magunga_Mixed,FEMALE,2024,Nyakach,Kisumu,D-,2.0
Magunga_Mixed,FEMALE,2024,Nyakach,Kisumu,D-,2.0
Magunga_Mixed,FEMALE,2024,Nyakach,Kisumu,D-,2.0
Magunga_Mixed,FEMALE,2024,Nyakach,Kisumu,D-,2.0
Magunga_Mixed,FEMALE,2024,Nyakach,Kisumu,D-,2.0
Magunga_Mixed,FEMALE,2024,Nyakach,Kisumu,D-,2.0
Magunga_Mixed,FEMALE,2024,Nyakach,Kisumu,D-,2.0
Magunga_Mixed,FEMALE,2024,Nyakach,Kisumu,D-,2.0
Magunga_Mixed,FEMALE,2024,Nyakach,Kisumu,D-,2.0
Magunga_Mixed,FEMALE,2024,Nyakach,Kisumu,D-,2.0
Magunga_Mixed,FEMALE,2024,Nyakach,Kisumu,D-,2.0
Magunga_Mixed,FEMALE,2024,Nyakach,Kisumu,D-,2.0
Magunga_Mixed,FEMALE,2024,Nyakach,Kisumu,D-,2.0
Magunga_Mixed,FEMALE,2024,Nyakach,Kisumu,D-,2.0
Magunga_Mixed,FEMALE,2024,Nyakach,Kisumu,D-,2.0
Magunga_Mixed,FEMALE,2024,Nyakach,Kisumu,D-,2.0
Magunga_Mixed,FEMALE,2024,Nyakach,Kisumu,D-,2.0
Magunga_Mixed,FEMALE,2024,Nyakach,Kisumu,D-,2.0
Magunga_Mixed,FEMALE,2024,Nyakach,Kisumu,D-,2.0
Magunga_Mixed,FEMALE,2024,Nyakach,Kisumu,D-,2.0
Magunga_Mixed,FEMALE,2024,Nyakach,Kisumu,D-,2.0
Magunga_Mixed,FEMALE,2024,Nyakach,Kisumu,D-,2.0
Magunga_Mixed,FEMALE,2024,Nyakach,Kisumu,D-,2.0
Magunga_Mixed,FEMALE,2024,Nyakach,Kisumu,D-,2.0
Magunga_Mixed,FEMALE,2024,Nyakach,Kisumu,D-,2.0
Magunga_Mixed,FEMALE,2024,Nyakach,Kisumu,D-,2.0
Magunga_Mixed,FEMALE,2024,Nyakach,Kisumu,D-,2.0
Magunga_Mixed,FEMALE,2024,Nyakach,Kisumu,D-,2.0
Magunga_Mixed,FEMALE,2024,Nyakach,Kisumu,D-,2.0
Magunga_Mixed,FEMALE,2024,Nyakach,Kisumu,D-,2.0
Magunga_Mixed,FEMALE,2024,Nyakach,Kisumu,D-,2.0
Magunga_Mixed,FEMALE,2024,Nyakach,Kisumu,D-,2.0
Magunga_Mixed,FEMALE,2024,Nyakach,Kisumu,D-,2.0
Magunga_Mixed,FEMALE,2024,Nyakach,Kisumu,D-,2.0
Magunga_Mixed,FEMALE,2024,Nyakach,Kisumu,D-,2.0
Magunga_Mixed,FEMALE,2024,Nyakach,Kisumu,D-,2.0
Magunga_Mixed,FEMALE,2024,Nyakach,Kisumu,D-,2.0
Magunga_Mixed,FEMALE,2024,Nyakach,Kisumu,D-,2.0
Magunga_Mixed,FEMALE,2024,Nyakach,Kisumu,D-,2.0
Magunga_Mixed,FEMALE,2024,Nyakach,Kisumu,D-,2.0
Magunga_Mixed,FEMALE,2024,Nyakach,Kisumu,D-,2.0
Magunga_Mixed,MALE,2024,Nyakach,Kisumu,E,1.0
Magunga_Mixed,MALE,2024,Nyakach,Kisumu,E,1.0
Magunga_Mixed,MALE,2024,Nyakach,Kisumu,E,1.0
Magunga_Mixed,MALE,2024,Nyakach,Kisumu,E,1.0
Magunga_Mixed,MALE,2024,Nyakach,Kisumu,E,1.0
Magunga_Mixed,MALE,2024,Nyakach,Kisumu,E,1.0
Magunga_Mixed,MALE,2024,Nyakach,Kisumu,E,1.0
Magunga_Mixed,MALE,2024,Nyakach,Kisumu,E,1.0
Magunga_Mixed,MALE,2024,Nyakach,Kisumu,E,1.0
Magunga_Mixed,MALE,2024,Nyakach,Kisumu,E,1.0
Magunga_Mixed,MALE,2024,Nyakach,Kisumu,E,1.0
Magunga_Mixed,MALE,2024,Nyakach,Kisumu,E,1.0
Magunga_Mixed,MALE,2024,Nyakach,Kisumu,E,1.0
Magunga_Mixed,MALE,2024,Nyakach,Kisumu,E,1.0
Magunga_Mixed,FEMALE,2024,Nyakach,Kisumu,E,1.0
Magunga_Mixed,FEMALE,2024,Nyakach,Kisumu,E,1.0
Magunga_Mixed,FEMALE,2024,Nyakach,Kisumu,E,1.0
Magunga_Mixed,FEMALE,2024,Nyakach,Kisumu,E,1.0
Magunga_Mixed,FEMALE,2024,Nyakach,Kisumu,E,1.0
Magunga_Mixed,FEMALE,2024,Nyakach,Kisumu,E,1.0
Magunga_Mixed,FEMALE,2024,Nyakach,Kisumu,E,1.0
Magunga_Mixed,FEMALE,2024,Nyakach,Kisumu,E,1.0
Magunga_Mixed,FEMALE,2024,Nyakach,Kisumu,E,1.0
Magunga_Mixed,FEMALE,2024,Nyakach,Kisumu,E,1.0
Magunga_Mixed,FEMALE,2024,Nyakach,Kisumu,E,1.0
Magunga_Mixed,FEMALE,2024,Nyakach,Kisumu,E,1.0
Magunga_Mixed,FEMALE,2024,Nyakach,Kisumu,E,1.0
Magunga_Mixed,FEMALE,2024,Nyakach,Kisumu,E,1.0
Magunga_Mixed,FEMALE,2024,Nyakach,Kisumu,E,1.0
Magunga_Mixed,FEMALE,2024,Nyakach,Kisumu,E,1.0
Magunga_Mixed,FEMALE,2024,Nyakach,Kisumu,E,1.0
Magunga_Mixed,FEMALE,2024,Nyakach,Kisumu,E,1.0
Magunga_Mixed,FEMALE,2024,Nyakach,Kisumu,E,1.0
Magunga_Mixed,FEMALE,2024,Nyakach,Kisumu,E,1.0
Magunga_Mixed,FEMALE,2024,Nyakach,Kisumu,E,1.0
Magunga_Mixed,FEMALE,2024,Nyakach,Kisumu,E,1.0
Magunga_Mixed,FEMALE,2024,Nyakach,Kisumu,E,1.0
Magunga_Mixed,FEMALE,2024,Nyakach,Kisumu,E,1.0
Magunga_Mixed,FEMALE,2024,Nyakach,Kisumu,E,1.0
Magunga_Mixed,FEMALE,2024,Nyakach,Kisumu,E,1.0
Magunga_Mixed,FEMALE,2024,Nyakach,Kisumu,E,1.0
Magunga_Mixed,FEMALE,2024,Nyakach,Kisumu,E,1.0
Magunga_Mixed,FEMALE,2024,Nyakach,Kisumu,E,1.0
Magunga_Mixed,FEMALE,2024,Nyakach,Kisumu,E,1.0
