 I enjoy learning mathematics,   I feel confident when solving math problems ,  Mathematics is useful in real life  ,  I get anxious during mathematics lessons  ,  I believe I can perform well in mathematics  ,  There are enough mathematics textbooks for all students  ,"  The school provides mathematical instruments (rulers, compasses, sets)  ",  Teachers use relevant teaching aids like charts and models  ,  Students have access to practice tests and past papers for mathematics  ,  Learning materials are updated to reflect the current syllabus  ,NAME OF THE SCHOOL.,SUB-COUNTY,COUNTY,GENDER
Agree,Agree,Strongly agree,Disagree,Agree,Disagree,Strongly Disagree,Disagree,Disagree,Agree,Kaudha_Mixed,Wagai,Siaya,Male
Strongly Agree,Disagree,Neutral,Neutral,Agree,Strongly Disagree,Agree,Disagree,Agree,Neutral,Kaudha_Mixed,Wagai,Siaya,Female
Strongly Agree,Agree,Strongly agree,Agree,Agree,Agree,Strongly Disagree,Disagree,Strongly Agree,Agree,Kaudha_Mixed,Wagai,Siaya,Male
Strongly Agree,Strongly agree,Strongly agree,Strongly Agree,Strongly agree,Agree,Neutral,Strongly Disagree,Strongly Disagree,Agree,Kaudha_Mixed,Wagai,Siaya,Male
Neutral,Neutral,Strongly disagree,Neutral,Strongly disagree,Neutral,Disagree,Neutral,Neutral,Strongly disagree,Kaudha_Mixed,Wagai,Siaya,Female
Agree,Agree,Agree,Agree,Agree,Agree,Agree,Agree,Agree,,Kaudha_Mixed,Wagai,Siaya,Male
Strongly Disagree,Agree,Strongly disagree,Disagree,Strongly disagree,Disagree,Disagree,Strongly Agree,Strongly Agree,Strongly disagree,Kaudha_Mixed,Wagai,Siaya,Male
Agree,Agree,Agree,Agree,Agree,Agree,Agree,Agree,Agree,Agree,Kaudha_Mixed,Wagai,Siaya,Female
Strongly Agree,Strongly agree,Strongly agree,Strongly Disagree,Strongly agree,Strongly Disagree,Strongly Disagree,Strongly Agree,Strongly Disagree,Strongly agree,Kaudha_Mixed,Wagai,Siaya,Female
Neutral,Agree,Strongly agree,Strongly Disagree,Strongly agree,Disagree,Strongly Disagree,Strongly Agree,Strongly Disagree,Strongly disagree,Kaudha_Mixed,Wagai,Siaya,Female
Agree,Neutral,Agree,Neutral,Agree,Agree,Disagree,Neutral,Agree,Agree,Kaudha_Mixed,Wagai,Siaya,Female
Strongly Agree,Agree,Strongly agree,Disagree,Strongly agree,Strongly Disagree,Strongly Disagree,Strongly Agree,Strongly Agree,Strongly agree,Kaudha_Mixed,Wagai,Siaya,Female
Strongly Agree,Strongly agree,Strongly agree,Agree,Strongly agree,Agree,Strongly Disagree,Agree,Agree,Agree,Kaudha_Mixed,Wagai,Siaya,Female
Agree,Agree,Agree,Disagree,Agree,Agree,Disagree,Agree,Agree,Disagree,Kaudha_Mixed,Wagai,Siaya,Female
Strongly Agree,Agree,Strongly agree,Agree,Strongly agree,Strongly Disagree,Strongly Disagree,Agree,Strongly Disagree,Agree,Kaudha_Mixed,Wagai,Siaya,Male
Strongly Agree,Strongly agree,Strongly agree,Strongly Disagree,Strongly agree,Neutral,Strongly Disagree,Neutral,Strongly Agree,Agree,Kaudha_Mixed,Wagai,Siaya,Male
Neutral,Neutral,Neutral,Neutral,Agree,Agree,Disagree,Agree,Agree,Agree,Budokomi_Mixed,BUSIA,Busia,Female
Agree,Strongly disagree,Strongly agree,Strongly Agree,Agree,Strongly Agree,Strongly Disagree,Strongly Agree,Strongly Disagree,Strongly disagree,Nyalunya_Mixed,Wagai,Siaya,Male
Strongly Agree,Strongly agree,Strongly agree,Strongly Agree,Strongly agree,Strongly Agree,Strongly Disagree,Strongly Agree,Strongly Agree,Neutral,Nyalunya_Mixed,Wagai,Siaya,Female
Disagree,Agree,Strongly agree,Disagree,Agree,Strongly Agree,Strongly Disagree,Strongly Agree,Strongly Disagree,Strongly agree,Nyalunya_Mixed,Wagai,Siaya,Male
Strongly Disagree,Disagree,Agree,Disagree,Neutral,Agree,Agree,Neutral,Strongly Disagree,Neutral,Nyalunya_Mixed,Wagai,Siaya,Female
Neutral,Neutral,Strongly agree,Strongly Disagree,Strongly agree,Strongly Agree,Strongly Disagree,Strongly Disagree,Neutral,Neutral,Nyalunya_Mixed,Wagai,Siaya,Male
Agree,Neutral,Agree,Agree,Agree,Strongly Agree,Strongly Disagree,Strongly Disagree,Agree,Strongly disagree,Nyalunya_Mixed,Wagai,Siaya,Female
Neutral,Agree,Strongly agree,Neutral,Agree,Agree,Strongly Disagree,Neutral,Strongly Agree,Agree,Nyalunya_Mixed,Wagai,Siaya,Female
Strongly Agree,Strongly agree,Strongly agree,Disagree,Agree,Agree,Disagree,Disagree,Strongly Disagree,Strongly agree,Kaudha_Mixed,Wagai,Siaya,Female
Strongly Disagree,Disagree,Agree,Strongly Disagree,Agree,Strongly Disagree,Strongly Disagree,Strongly Agree,Strongly Disagree,Strongly agree,Kaudha_Mixed,Wagai,Siaya,Female
Strongly Disagree,Agree,Strongly disagree,Agree,Strongly disagree,Strongly Disagree,Strongly Agree,Agree,Agree,Agree,Kaudha_Mixed,Wagai,Siaya,Female
Agree,Agree,Agree,Disagree,Disagree,Disagree,Agree,Agree,Strongly Agree,Strongly disagree,Kaudha_Mixed,Wagai,Siaya,Female
Strongly Agree,Strongly agree,Strongly agree,Agree,Strongly agree,Strongly Agree,Agree,Strongly Agree,Strongly Agree,Strongly disagree,Kaudha_Mixed,Wagai,Siaya,Female
Strongly Agree,Strongly agree,Strongly agree,Agree,Strongly agree,Strongly Disagree,Strongly Disagree,Strongly Agree,Strongly Agree,Strongly disagree,Kaudha_Mixed,Wagai,Siaya,Female
Strongly Agree,Agree,Strongly agree,Agree,Strongly agree,Strongly Agree,Strongly Disagree,Strongly Agree,Strongly Agree,Agree,Kaudha_Mixed,Wagai,Siaya,Female
Strongly Agree,Strongly agree,Strongly agree,Neutral,Strongly agree,Strongly Agree,Neutral,Strongly Agree,Strongly Agree,Strongly disagree,Kaudha_Mixed,Wagai,Siaya,Female
Strongly Agree,Strongly agree,Strongly agree,Agree,Agree,Strongly Disagree,Strongly Disagree,Strongly Disagree,Strongly Agree,Strongly disagree,Kaudha_Mixed,Wagai,Siaya,Female
Strongly Agree,Strongly agree,Strongly agree,Agree,Strongly agree,Strongly Disagree,Strongly Disagree,Disagree,Agree,Agree,Kaudha_Mixed,Wagai,Siaya,Female
Strongly Agree,Strongly agree,Strongly agree,Neutral,Strongly agree,Strongly Disagree,Strongly Disagree,Strongly Agree,Strongly Disagree,Neutral,Kaudha_Mixed,Wagai,Siaya,Female
Agree,Neutral,Strongly agree,Strongly Agree,Neutral,Agree,Neutral,Agree,Strongly Agree,Neutral,Kaudha_Mixed,Wagai,Siaya,Female
Neutral,Neutral,Strongly agree,Strongly Disagree,Strongly agree,Agree,Disagree,Strongly Agree,Strongly Agree,Strongly agree,Kaudha_Mixed,Wagai,Siaya,Female
Strongly Agree,Agree,Strongly agree,Neutral,Strongly agree,Agree,Disagree,Neutral,Neutral,Agree,Kaudha_Mixed,Wagai,Siaya,Female
Strongly Agree,Strongly agree,Strongly agree,Strongly Disagree,Strongly agree,Strongly Agree,Strongly Disagree,Strongly Agree,Strongly Agree,Strongly agree,Kaudha_Mixed,Wagai,Siaya,Male
Strongly Agree,Strongly agree,Strongly agree,Strongly Disagree,Strongly agree,Disagree,Strongly Disagree,Strongly Agree,Strongly Agree,Strongly agree,Kaudha_Mixed,Wagai,Siaya,Female
Agree,Agree,Strongly agree,Agree,Strongly agree,Strongly Disagree,Strongly Disagree,Strongly Agree,,Strongly agree,Kaudha_Mixed,Wagai,Siaya,Female
Strongly Agree,Strongly agree,Strongly agree,Agree,Strongly agree,Disagree,Strongly Disagree,Disagree,Agree,Strongly agree,Kaudha_Mixed,Wagai,Siaya,Female
Strongly Agree,Agree,Strongly agree,,Neutral,Agree,Neutral,Strongly Disagree,Agree,Strongly agree,Kaudha_Mixed,Wagai,Siaya,Female
Strongly Agree,Strongly agree,Strongly agree,Disagree,Agree,Agree,Strongly Disagree,Agree,Strongly Agree,Agree,Kaudha_Mixed,Wagai,Siaya,Male
Neutral,Strongly agree,Strongly agree,Strongly Disagree,Strongly agree,Strongly Disagree,Strongly Disagree,Strongly Disagree,Strongly Agree,Strongly disagree,Kaudha_Mixed,Wagai,Siaya,Female
Agree,Neutral,Strongly agree,Neutral,Strongly agree,Disagree,Strongly Disagree,Neutral,Strongly Agree,Agree,Kaudha_Mixed,Wagai,Siaya,Male
Agree,Agree,Strongly agree,Strongly Disagree,Strongly disagree,Strongly Disagree,Neutral,Strongly Disagree,Strongly Agree,Strongly disagree,Kaudha_Mixed,Wagai,Siaya,Female
Agree,Agree,Agree,Strongly Disagree,Agree,Strongly Disagree,Strongly Disagree,Agree,Strongly Agree,Strongly agree,Kaudha_Mixed,Wagai,Siaya,Female
Agree,Agree,Agree,Strongly Disagree,Agree,Agree,Strongly Disagree,Strongly Disagree,Agree,Strongly agree,Kaudha_Mixed,Wagai,Siaya,Female
Strongly Agree,Strongly agree,Strongly agree,Agree,Agree,Strongly Disagree,Strongly Disagree,Disagree,Strongly Agree,Strongly disagree,Kaudha_Mixed,Wagai,Siaya,Female
Strongly Agree,Strongly agree,Strongly agree,Strongly Agree,Strongly agree,Agree,Agree,Disagree,Strongly Agree,Strongly disagree,Kaudha_Mixed,Wagai,Siaya,Female
Strongly Agree,Strongly agree,Strongly agree,Strongly Disagree,Strongly agree,Neutral,Disagree,Agree,Agree,Strongly agree,Kaudha_Mixed,Wagai,Siaya,Male
Strongly Agree,Agree,Strongly agree,Strongly Disagree,Strongly agree,Disagree,Strongly Disagree,Disagree,Strongly Agree,Strongly agree,Kaudha_Mixed,Wagai,Siaya,Male
Strongly Disagree,Neutral,Neutral,Strongly Agree,Agree,Strongly Disagree,Strongly Disagree,Strongly Disagree,Disagree,Strongly agree,Kaudha_Mixed,Wagai,Siaya,Male
Strongly Agree,Strongly agree,Strongly agree,Neutral,Strongly agree,Neutral,Strongly Agree,Strongly Disagree,Strongly Agree,Neutral,Kaudha_Mixed,Wagai,Siaya,Male
Neutral,Agree,Strongly disagree,Neutral,Agree,Strongly Disagree,Strongly Disagree,Disagree,Agree,Agree,Kaudha_Mixed,Wagai,Siaya,Male
Neutral,Neutral,Agree,Disagree,Strongly disagree,Strongly Agree,Disagree,Strongly Agree,Strongly Agree,Disagree,Kaudha_Mixed,Wagai,Siaya,Female
Neutral,Strongly agree,Neutral,Agree,Agree,Strongly Disagree,Strongly Disagree,Disagree,Neutral,Neutral,Kaudha_Mixed,Wagai,Siaya,Male
Disagree,Strongly disagree,Neutral,Disagree,Neutral,Agree,Strongly Disagree,Strongly Disagree,Neutral,Disagree,Kaudha_Mixed,Wagai,Siaya,Male
Disagree,Strongly disagree,Neutral,Agree,Neutral,Strongly Disagree,Strongly Disagree,Strongly Disagree,Agree,Neutral,Kaudha_Mixed,Wagai,Siaya,Male
Strongly Agree,Strongly agree,Strongly agree,Strongly Disagree,Strongly agree,Strongly Agree,Strongly Agree,Strongly Agree,Strongly Agree,Strongly agree,Kaudha_Mixed,Wagai,Siaya,Male
Neutral,Neutral,Agree,Disagree,Strongly disagree,Strongly Agree,Strongly Agree,Strongly Agree,Strongly Agree,Strongly disagree,Kaudha_Mixed,Wagai,Siaya,Female
Strongly Agree,Strongly agree,Strongly agree,Strongly Disagree,Strongly agree,Neutral,Neutral,Strongly Disagree,Strongly Agree,Strongly disagree,Kaudha_Mixed,Wagai,Siaya,Female
Neutral,Disagree,Agree,Strongly Disagree,Agree,Strongly Disagree,Strongly Disagree,Neutral,Agree,Strongly disagree,Kaudha_Mixed,Wagai,Siaya,Male
Strongly Agree,Strongly agree,Strongly agree,Neutral,Strongly agree,Strongly Disagree,Strongly Disagree,Neutral,Strongly Disagree,Strongly agree,Kaudha_Mixed,Wagai,Siaya,Male
Strongly Agree,Strongly agree,Strongly agree,Strongly Agree,Strongly agree,Strongly Agree,Strongly Agree,Strongly Agree,Strongly Agree,Strongly agree,Kaudha_Mixed,Wagai,Siaya,Male
Agree,Agree,Strongly agree,Strongly Disagree,Strongly agree,Strongly Disagree,Strongly Disagree,Strongly Disagree,Strongly Agree,Strongly agree,Kaudha_Mixed,Wagai,Siaya,Male
Strongly Agree,Strongly agree,Strongly agree,Disagree,Strongly agree,Agree,Agree,Strongly Agree,Strongly Agree,Strongly agree,Kaudha_Mixed,Wagai,Siaya,Male
Neutral,Neutral,Strongly disagree,Neutral,Agree,Neutral,Strongly Disagree,Agree,Neutral,Agree,Kaudha_Mixed,Wagai,Siaya,Female
Agree,Agree,Strongly disagree,Neutral,Agree,Strongly Disagree,Strongly Disagree,Disagree,Agree,Neutral,Kaudha_Mixed,Wagai,Siaya,Male
Neutral,Neutral,Strongly agree,Agree,Neutral,Strongly Disagree,Neutral,Disagree,Agree,Agree,Kaudha_Mixed,Wagai,Siaya,Male
Strongly Agree,Neutral,Strongly agree,Agree,Strongly agree,Strongly Agree,Strongly Disagree,Strongly Agree,Strongly Agree,Agree,Kaudha_Mixed,Wagai,Siaya,Male
Agree,Neutral,Strongly agree,Neutral,Strongly agree,Agree,Strongly Disagree,Agree,Neutral,Neutral,Kaudha_Mixed,Wagai,Siaya,Female
Strongly Agree,Disagree,Strongly agree,Neutral,Strongly agree,Disagree,Strongly Agree,Strongly Agree,Strongly Agree,Strongly agree,Kaudha_Mixed,Wagai,Siaya,Male
Strongly Agree,Disagree,Strongly agree,Neutral,Strongly agree,Disagree,Strongly Disagree,Neutral,Strongly Agree,Neutral,Kaudha_Mixed,Wagai,Siaya,Male
Agree,Disagree,Neutral,Strongly Agree,Strongly agree,Disagree,Strongly Disagree,Strongly Agree,Neutral,Agree,Kaudha_Mixed,Wagai,Siaya,Male
Agree,Agree,Strongly agree,Neutral,Strongly agree,Agree,Strongly Agree,Disagree,,Agree,Kaudha_Mixed,Wagai,Siaya,Male
Agree,Agree,Strongly agree,Neutral,Strongly agree,Strongly Disagree,Strongly Disagree,Agree,Strongly Agree,Strongly agree,Kaudha_Mixed,Wagai,Siaya,Female
Agree,Neutral,Strongly agree,Agree,Agree,Strongly Agree,Strongly Disagree,Agree,Strongly Agree,Agree,Kaudha_Mixed,Wagai,Siaya,Female
Neutral,Agree,Strongly agree,Strongly Disagree,Agree,Strongly Disagree,Strongly Agree,Strongly Agree,Strongly Agree,Strongly agree,Kaudha_Mixed,Wagai,Siaya,Female
Disagree,Agree,Disagree,Strongly Disagree,Agree,Disagree,Disagree,Disagree,Disagree,Neutral,Kaudha_Mixed,Wagai,Siaya,Female
Neutral,Neutral,Disagree,Agree,Strongly agree,Agree,Disagree,Strongly Agree,Neutral,Strongly agree,Kaudha_Mixed,Wagai,Siaya,Female
Agree,Strongly agree,Strongly agree,Disagree,Strongly agree,Strongly Agree,Strongly Disagree,Disagree,Strongly Agree,Neutral,Kaudha_Mixed,Wagai,Siaya,Male
Neutral,Agree,Strongly agree,Strongly Agree,Strongly agree,Disagree,Strongly Agree,Strongly Agree,Neutral,Strongly agree,Kaudha_Mixed,Wagai,Siaya,Male
Neutral,Agree,Strongly agree,Agree,Strongly agree,Disagree,Strongly Disagree,Disagree,Agree,Neutral,Kaudha_Mixed,Wagai,Siaya,Male
Strongly Agree,Neutral,Strongly agree,Disagree,Neutral,Disagree,Strongly Disagree,Strongly Agree,Agree,Agree,Kaudha_Mixed,Wagai,Siaya,Male
Strongly Agree,Strongly agree,Strongly agree,Strongly Agree,Strongly agree,Agree,Strongly Disagree,Strongly Agree,Strongly Agree,Strongly agree,Kaudha_Mixed,Wagai,Siaya,Male
Neutral,Agree,Agree,Neutral,Agree,Strongly Disagree,Agree,Strongly Agree,Disagree,Strongly agree,Kaudha_Mixed,Wagai,Siaya,Female
Disagree,Neutral,Strongly agree,Neutral,Neutral,Disagree,Disagree,Strongly Disagree,Strongly Disagree,Neutral,Kaudha_Mixed,Wagai,Siaya,Female
Strongly Agree,Neutral,Strongly agree,Strongly Disagree,Strongly agree,Strongly Agree,Strongly Disagree,Strongly Disagree,Strongly Agree,Neutral,Kaudha_Mixed,Wagai,Siaya,Female
Strongly Agree,Strongly agree,Neutral,Strongly Agree,Strongly agree,Strongly Agree,Strongly Disagree,Strongly Agree,Strongly Agree,Strongly agree,Kaudha_Mixed,Wagai,Siaya,Female
Strongly Agree,Neutral,Strongly agree,Disagree,Disagree,Strongly Agree,Agree,Disagree,Strongly Agree,Disagree,Kaudha_Mixed,Wagai,Siaya,Female
,Strongly agree,Disagree,Strongly Disagree,Strongly agree,Strongly Disagree,Strongly Disagree,Strongly Disagree,Disagree,Neutral,Kaudha_Mixed,Wagai,Siaya,Female
Neutral,Agree,Strongly agree,Agree,Neutral,Disagree,Strongly Disagree,Agree,Neutral,Strongly agree,Kaudha_Mixed,Wagai,Siaya,Female
Agree,Neutral,Agree,Disagree,Neutral,Agree,Strongly Disagree,Strongly Disagree,Agree,Agree,Kaudha_Mixed,Wagai,Siaya,Female
Neutral,Neutral,Strongly agree,Strongly Disagree,Strongly agree,Agree,Strongly Disagree,Strongly Disagree,Strongly Agree,Disagree,Kaudha_Mixed,Wagai,Siaya,Female
Strongly Disagree,Strongly agree,Strongly agree,,Strongly disagree,Strongly Disagree,Strongly Agree,Strongly Agree,Strongly Agree,Strongly agree,Kaudha_Mixed,Wagai,Siaya,Male
Disagree,Strongly agree,Strongly agree,Strongly Agree,Disagree,Agree,Disagree,Strongly Disagree,Strongly Agree,Strongly agree,Kaudha_Mixed,Wagai,Siaya,Male
Strongly Agree,Neutral,Strongly agree,Strongly Agree,Strongly agree,Strongly Agree,Strongly Disagree,Disagree,Strongly Agree,Strongly agree,Kaudha_Mixed,Wagai,Siaya,Male
Agree,Strongly agree,Strongly agree,Neutral,Strongly agree,Strongly Agree,Strongly Disagree,Strongly Disagree,Strongly Agree,Strongly agree,Kaudha_Mixed,Wagai,Siaya,Male
Agree,Agree,Strongly agree,Disagree,Neutral,Neutral,Strongly Disagree,Strongly Disagree,Neutral,Agree,Kaudha_Mixed,Wagai,Siaya,Female
Agree,Agree,Strongly agree,Disagree,Strongly agree,Neutral,Strongly Disagree,Strongly Disagree,Neutral,Agree,Kaudha_Mixed,Wagai,Siaya,Female
Agree,Neutral,Strongly agree,Strongly Agree,Strongly agree,Agree,Disagree,Strongly Agree,Strongly Disagree,Strongly agree,Kaudha_Mixed,Wagai,Siaya,Female
Neutral,Neutral,Strongly agree,Neutral,Strongly agree,Agree,Strongly Disagree,Neutral,Neutral,Neutral,Kaudha_Mixed,Wagai,Siaya,Female
Neutral,Strongly agree,Neutral,Agree,Agree,Neutral,Disagree,Disagree,Strongly Agree,Strongly agree,Kaudha_Mixed,Wagai,Siaya,Female
Disagree,Neutral,Neutral,Agree,Neutral,Strongly Agree,Strongly Agree,Disagree,Strongly Disagree,Strongly agree,Kaudha_Mixed,Wagai,Siaya,Male
Neutral,Neutral,Strongly agree,Strongly Agree,Agree,Agree,Strongly Disagree,Strongly Agree,Agree,Strongly agree,Kaudha_Mixed,Wagai,Siaya,Female
Strongly Agree,Agree,Strongly agree,Strongly Agree,Strongly disagree,Strongly Agree,Agree,Strongly Disagree,Neutral,Neutral,Kaudha_Mixed,Wagai,Siaya,Male
Agree,Strongly disagree,Strongly agree,Disagree,Strongly agree,Agree,Disagree,Agree,Strongly Agree,Disagree,Kaudha_Mixed,Wagai,Siaya,Male
Neutral,Strongly agree,Agree,Neutral,Strongly agree,Strongly Disagree,Strongly Disagree,Strongly Agree,Strongly Agree,Agree,Kaudha_Mixed,Wagai,Siaya,Female
,Neutral,Neutral,Strongly Disagree,,Agree,Agree,Agree,,Agree,Kaudha_Mixed,Wagai,Siaya,Female
Agree,Agree,Agree,Disagree,Agree,Strongly Agree,Disagree,Strongly Disagree,Strongly Disagree,Strongly agree,Kaudha_Mixed,Wagai,Siaya,Male
Agree,Neutral,Strongly agree,Neutral,Agree,Strongly Agree,Strongly Agree,Agree,Strongly Agree,Strongly agree,Kaudha_Mixed,Wagai,Siaya,Female
,Strongly disagree,Disagree,Strongly Agree,Strongly agree,Strongly Disagree,Strongly Agree,Strongly Disagree,Neutral,Disagree,Kaudha_Mixed,Wagai,Siaya,Male
Strongly Agree,Strongly agree,Strongly agree,Disagree,Strongly agree,Strongly Agree,Disagree,Disagree,Strongly Disagree,Agree,Kaudha_Mixed,Wagai,Siaya,Female
Strongly Agree,Agree,Strongly agree,Strongly Disagree,Strongly agree,Neutral,Strongly Disagree,Neutral,Strongly Agree,Agree,Kaudha_Mixed,Wagai,Siaya,Male
Strongly Agree,Strongly agree,Strongly agree,Strongly Agree,Strongly agree,Strongly Agree,Strongly Agree,Strongly Disagree,Strongly Disagree,Strongly agree,Budokomi_Mixed,Busia,Busia ,Male
Strongly Agree,Strongly agree,Strongly agree,Disagree,Strongly agree,Strongly Agree,Disagree,Agree,Agree,Agree,Budokomi_Mixed,Busia,Busia,Male
Agree,Strongly agree,Strongly agree,Strongly Agree,Disagree,Agree,Disagree,Disagree,Agree,Agree,Nyalunya_Mixed,Wagai ,Siaya,Male
Disagree,Neutral,Disagree,Strongly Agree,Strongly agree,Strongly Agree,Strongly Disagree,Strongly Disagree,Strongly Agree,Agree,Nyalunya_Mixed,Wagai,Siaya,Female
Agree,Strongly agree,Strongly agree,Agree,Disagree,Agree,Strongly Disagree,Agree,Strongly Agree,Agree,Nyalunya_Mixed,Wagai,Siaya,Male
Agree,Agree,Strongly agree,Disagree,Strongly agree,Strongly Agree,Strongly Disagree,Strongly Disagree,Strongly Agree,Strongly agree,Nyalunya_Mixed,Wagai ,Siaya,Male
Agree,Agree,Strongly agree,Disagree,Disagree,Strongly Disagree,Agree,Agree,Agree,Strongly agree,Nyalunya_Mixed,Wagai ,Siaya,Male
Agree,Strongly disagree,Agree,Agree,Agree,Agree,Disagree,Agree,Strongly Agree,Disagree,Nyalunya_Mixed,Wagai ,Siaya,Male
Agree,Agree,Strongly agree,Agree,Strongly agree,Strongly Agree,Disagree,Strongly Disagree,Strongly Agree,Strongly agree,Nyalunya_Mixed,Wagai ,Siaya,Male
Strongly Agree,Agree,Agree,Disagree,Strongly disagree,Strongly Agree,Strongly Disagree,Disagree,Agree,Strongly agree,Nyalunya_Mixed,Wagai ,Siaya,Male
Disagree,Agree,Neutral,Disagree,Agree,Strongly Agree,Strongly Agree,Strongly Agree,Disagree,Strongly agree,Nyalunya_Mixed,Wagai ,Siaya,Male
Strongly Agree,Neutral,Strongly agree,Strongly Disagree,Strongly agree,Agree,Strongly Disagree,Strongly Disagree,Agree,Neutral,Nyalunya_Mixed,Wagai ,Siaya,Male
Disagree,Disagree,Strongly agree,Strongly Agree,Strongly agree,Disagree,Disagree,Strongly Disagree,Strongly Disagree,Strongly agree,Nyalunya_Mixed,Wagai ,Siaya,Male
Agree,Strongly agree,Neutral,Strongly Agree,Disagree,Agree,Strongly Agree,Strongly Agree,Agree,Disagree,Nyalunya_Mixed,Wagai,Siaya,Female
Neutral,Agree,Strongly agree,Disagree,Disagree,Strongly Agree,Strongly Agree,Strongly Disagree,Strongly Disagree,Strongly agree,Nyalunya_Mixed,Wagai,Siaya,Female
Disagree,Strongly agree,Agree,Agree,Strongly disagree,Strongly Disagree,Neutral,Strongly Disagree,Disagree,Disagree,Nyalunya_Mixed,Wagai ,Siaya,Female
Agree,Agree,Agree,Strongly Agree,Strongly agree,Strongly Agree,Strongly Disagree,Strongly Disagree,Strongly Disagree,Neutral,Nyalunya_Mixed,Wagai ,Siaya,Male
Strongly Disagree,Strongly disagree,Agree,Neutral,Agree,Strongly Disagree,Agree,Strongly Disagree,Agree,Strongly disagree,Nyalunya_Mixed,Wagai ,Siaya,Female
Strongly Agree,Disagree,Strongly agree,Disagree,Strongly agree,Strongly Agree,Neutral,Neutral,Strongly Agree,Strongly agree,Nyalunya_Mixed,Wagai ,Siaya ,Female
Strongly Agree,Agree,Neutral,Strongly Agree,Disagree,Strongly Agree,Disagree,Strongly Disagree,Strongly Disagree,Disagree,Nyalunya_Mixed,Wagai ,Siaya,Female
Strongly Agree,Strongly agree,Strongly agree,Strongly Disagree,Strongly agree,Strongly Agree,Strongly Disagree,Strongly Disagree,Agree,Agree,Nyalunya_Mixed,Wagai ,Siaya,Female
Disagree,Agree,Disagree,Agree,Strongly agree,Strongly Agree,Strongly Disagree,Strongly Disagree,Strongly Disagree,Strongly agree,Nyalunya_Mixed,Wagai ,Siaya,Female
Disagree,Agree,Strongly agree,Strongly Disagree,Strongly disagree,Disagree,Strongly Agree,Strongly Disagree,Strongly Disagree,Disagree,Nyalunya_Mixed,Wagai ,Siaya,Female
Disagree,Agree,Neutral,Agree,Agree,Neutral,Strongly Agree,Agree,Neutral,Agree,Nyalunya_Mixed,Wagai ,Siaya,Female
Agree,Neutral,Agree,Strongly Agree,Disagree,Neutral,Strongly Disagree,Strongly Disagree,Neutral,,Nyalunya_Mixed,Wagai ,Siaya,Female
Agree,Strongly agree,Agree,Disagree,Agree,Strongly Agree,Strongly Disagree,Disagree,Agree,Strongly disagree,Nyalunya_Mixed,Wagai ,Siaya,Male
Agree,Strongly agree,Neutral,Disagree,Agree,Strongly Agree,Disagree,Strongly Agree,Disagree,Disagree,Nyalunya_Mixed,Wagai ,Siaya,Male
Agree,Agree,Agree,Strongly Agree,Strongly agree,Disagree,Disagree,Disagree,Neutral,Agree,Nyalunya_Mixed,Wagai ,Siaya,Female
Neutral,Neutral,Disagree,Strongly Agree,Strongly agree,Strongly Agree,Disagree,Agree,Agree,Agree,Nyalunya_Mixed,Wagai ,Siaya,Female
Disagree,Neutral,Strongly agree,Neutral,Neutral,Agree,Agree,Neutral,Disagree,Neutral,Nyalunya_Mixed,Wagai ,Siaya,Female
Neutral,Agree,Agree,Disagree,Strongly disagree,Agree,Disagree,Neutral,Agree,Agree,Nyalunya_Mixed,Wagai ,Siaya,Male
Disagree,Neutral,Strongly agree,Agree,Strongly agree,Strongly Agree,Neutral,Disagree,Strongly Agree,Agree,Nyalunya_Mixed,Wagai,Siaya,Female
Agree,Strongly agree,Strongly agree,Strongly Disagree,Strongly agree,Strongly Agree,Strongly Disagree,Neutral,Strongly Disagree,Strongly agree,Nyalunya_Mixed,Wagai ,Siaya,Female
Disagree,Strongly agree,Strongly agree,Disagree,Strongly agree,Strongly Agree,Strongly Disagree,Neutral,Strongly Disagree,Strongly agree,Nyalunya_Mixed,Wagai ,Siaya,Female
Agree,Strongly agree,Agree,Disagree,Neutral,Neutral,Disagree,Disagree,Neutral,Strongly agree,Nyalunya_Mixed,Wagai ,Siaya,Female
Disagree,Strongly agree,Disagree,Neutral,Agree,Strongly Agree,Neutral,Neutral,Disagree,Strongly disagree,Nyalunya_Mixed,Wagai ,Siaya,Female
Strongly Disagree,Strongly agree,Strongly agree,Strongly Disagree,Strongly agree,Neutral,Strongly Agree,Neutral,Strongly Agree,Strongly agree,Nyalunya_Mixed,Wagai ,Siaya,Female
Strongly Agree,Strongly agree,Neutral,Strongly Agree,Strongly agree,,Agree,Strongly Agree,Strongly Disagree,Agree,Nyalunya_Mixed,Wagai ,Siaya,Female
Agree,Strongly agree,Strongly agree,Strongly Agree,Agree,Disagree,Neutral,Disagree,Disagree,Strongly agree,Nyalunya_Mixed,Wagai ,Siaya,Female
Agree,Strongly agree,Strongly agree,Neutral,Strongly agree,Strongly Agree,Strongly Disagree,Strongly Agree,Agree,Strongly agree,Nyalunya_Mixed,Wagai ,Siaya,Male
Strongly Agree,Strongly agree,Strongly agree,Strongly Agree,Strongly agree,Strongly Agree,Strongly Agree,Strongly Disagree,Strongly Disagree,Strongly agree,Budokomi_Mixed,Busia,Busia,Male
Agree,Neutral,Agree,Agree,Agree,Agree,Strongly Disagree,Disagree,Neutral,Disagree,Nyalunya_Mixed,Wagai ,Siaya,Female
Strongly Agree,Strongly agree,Strongly agree,Strongly Agree,Strongly agree,Strongly Agree,Strongly Agree,Strongly Disagree,Strongly Disagree,Strongly agree,Budokomi_Mixed,Busia,Busia,Male
,Agree,Agree,Disagree,Neutral,Disagree,Disagree,Neutral,Agree,Agree,Nyalunya_Mixed,Wagai ,Siaya,Male
Strongly Agree,Strongly agree,Strongly agree,Strongly Agree,Strongly agree,Strongly Agree,Strongly Agree,Strongly Disagree,Strongly Disagree,Strongly agree,Budokomi_Mixed,Busia,Busia,Male
Agree,Agree,Strongly agree,Disagree,Strongly disagree,Strongly Agree,Strongly Agree,Strongly Disagree,Strongly Disagree,Strongly agree,Nyalunya_Mixed,Wagai,Siaya,Female
Strongly Agree,Strongly agree,Strongly agree,Strongly Agree,Strongly agree,Strongly Agree,Strongly Agree,Strongly Disagree,Strongly Disagree,Strongly agree,Budokomi_Mixed,Busia ,Busia ,Male
Strongly Agree,Strongly agree,Disagree,Agree,Neutral,Neutral,Neutral,Agree,Agree,Disagree,Nyalunya_Mixed,Wagai ,Siaya,Female
Strongly Agree,Strongly agree,Strongly agree,Strongly Agree,Strongly agree,Strongly Agree,Strongly Agree,Strongly Disagree,Strongly Disagree,Strongly agree,Budokomi_Mixed,Busia,Busia,Male
Strongly Agree,Strongly agree,Strongly agree,Strongly Agree,Strongly agree,Strongly Agree,Strongly Agree,Strongly Disagree,Strongly Disagree,Strongly agree,Budokomi_Mixed,Busia,Busia,Female
Agree,Agree,Strongly agree,Agree,Agree,Strongly Agree,Neutral,Neutral,Strongly Agree,Strongly agree,Nyalunya_Mixed,Wagai ,Siaya,Female
Strongly Agree,Strongly agree,Strongly agree,Strongly Agree,Strongly agree,Strongly Agree,Strongly Agree,Strongly Disagree,Strongly Disagree,Strongly agree,Budokomi_Mixed,Busia,Busia,Male
Strongly Agree,Strongly agree,Strongly agree,Strongly Agree,Strongly agree,Strongly Agree,Strongly Agree,Strongly Disagree,Strongly Disagree,Strongly agree,Budokomi_Mixed,Busia ,Busia,Male
Strongly Agree,Strongly agree,Strongly agree,Strongly Agree,Strongly agree,Strongly Agree,Strongly Agree,Strongly Disagree,Strongly Disagree,Strongly agree,Budokomi_Mixed,Busia ,Busia ,Male
Agree,Strongly agree,Agree,Strongly Agree,Strongly agree,Strongly Agree,,Strongly Agree,Strongly Agree,Strongly disagree,Budokomi_Mixed,Busia ,Busia ,Male
Agree,Agree,Agree,Strongly Agree,Strongly agree,Strongly Agree,Strongly Agree,Strongly Agree,Strongly Agree,Strongly agree,Budokomi_Mixed,Busia,Busia ,Male
Agree,Agree,Agree,Agree,Agree,,Agree,Neutral,Agree,Agree,Budokomi_Mixed,busia,busia,Male
Strongly Agree,Agree,Agree,Agree,Agree,Agree,Agree,Agree,Agree,Agree,Budokomi_Mixed,Busia ,Busia ,Male
Agree,Agree,Agree,Agree,Neutral,Neutral,Agree,Agree,Agree,Agree,Budokomi_Mixed,busia,busia,Female
Agree,Strongly agree,Strongly agree,Strongly Agree,Strongly agree,Strongly Agree,Strongly Agree,Agree,Agree,Agree,Budokomi_Mixed,Busia,Busia,Male
Agree,Strongly agree,Agree,Agree,Neutral,Neutral,Neutral,Neutral,Agree,Agree,Budokomi_Mixed,busia,busia,Female
Agree,Agree,Agree,Strongly Agree,Strongly agree,Strongly Agree,Strongly Agree,Agree,Agree,Agree,Budokomi_Mixed,Busia,Busia,Male
Strongly Agree,Strongly agree,Strongly agree,Agree,Strongly agree,Strongly Agree,Strongly Agree,Agree,Strongly Agree,Agree,Budokomi_Mixed,Busia,Busia,Male
Strongly Agree,Strongly agree,Strongly agree,Strongly Agree,Strongly agree,Strongly Agree,Strongly Agree,Strongly Agree,Strongly Agree,Strongly agree,Budokomi_Mixed,Busia,Busia ,Female
Strongly Agree,Strongly agree,Strongly agree,Strongly Agree,Strongly agree,Strongly Agree,Strongly Agree,Strongly Agree,Strongly Agree,Strongly agree,Budokomi_Mixed,Busia ,Busia ,Female
Strongly Agree,Agree,Agree,Strongly Agree,Strongly agree,Strongly Agree,Strongly Agree,Neutral,Agree,Agree,Budokomi_Mixed,Busia,Busia,Male
Strongly Agree,Strongly agree,Strongly agree,Strongly Agree,Strongly agree,Strongly Agree,Agree,Agree,Agree,Agree,Budokomi_Mixed,Busia,Busia,Male
Strongly Agree,Strongly agree,Strongly agree,Strongly Agree,Agree,Strongly Agree,Strongly Agree,Agree,Strongly Agree,Strongly agree,Budokomi_Mixed,Busia,busia,Male
Agree,Strongly agree,Strongly agree,Strongly Agree,Strongly agree,Agree,Strongly Agree,Agree,Strongly Agree,Agree,Budokomi_Mixed,Busia,busia,Female
Agree,Strongly agree,Agree,Agree,Agree,Agree,Strongly Agree,Strongly Agree,Strongly Agree,Strongly agree,Budokomi_Mixed,Busia ,Busia ,Male
Agree,Agree,Agree,Agree,Agree,Agree,Strongly Agree,Strongly Agree,Strongly Agree,Agree,Budokomi_Mixed,Busia,Busia ,Male
Strongly Agree,Agree,Strongly agree,Agree,Strongly agree,Agree,Strongly Agree,Strongly Agree,Strongly Agree,Strongly agree,Budokomi_Mixed,Busia,Busia,Male
Strongly Agree,Strongly agree,Strongly agree,Strongly Agree,Strongly agree,Strongly Agree,Strongly Agree,Strongly Agree,Agree,Agree,Budokomi_Mixed,Busia,Busiq,Male
Strongly Agree,Strongly agree,Strongly agree,Strongly Agree,Strongly agree,Strongly Agree,Strongly Agree,Strongly Agree,Strongly Agree,Strongly agree,Budokomi_Mixed,Busia,Busia,Male
Strongly Agree,Strongly agree,Strongly agree,Strongly Agree,Strongly agree,Strongly Agree,Strongly Agree,Strongly Agree,Strongly Agree,Strongly agree,Budokomi_Mixed,Busia,Busia,Male
Strongly Agree,Strongly agree,Strongly agree,Strongly Agree,Strongly agree,Strongly Agree,Strongly Agree,Strongly Agree,Strongly Agree,Strongly agree,Budokomi_Mixed,Busia,Busia,Male
Strongly Agree,Strongly agree,Strongly agree,Strongly Agree,Strongly agree,Strongly Agree,Strongly Agree,Strongly Agree,Strongly Agree,Strongly agree,Budokomi_Mixed,Busia ,Busia ,Female
Agree,Agree,Agree,Agree,Strongly agree,Strongly Agree,Strongly Disagree,Strongly Agree,Strongly Agree,Strongly agree,Malele_Mixed,Wagai,Siaya,Female
Strongly Agree,Agree,Strongly agree,Strongly Disagree,Strongly agree,Agree,Strongly Disagree,Neutral,Agree,Strongly agree,Malele_Mixed,Wagai,Siaya,Male
Agree,Strongly agree,Strongly agree,Disagree,Strongly agree,Strongly Agree,Strongly Disagree,Agree,Strongly Agree,Strongly agree,Malele_Mixed,Wagai,Siaya,Female
Strongly Agree,Agree,Strongly agree,Strongly Disagree,Strongly agree,Agree,Strongly Disagree,Disagree,Agree,Strongly agree,Malele_Mixed,Wagai ,Siaya ,Male
Neutral,Strongly disagree,Agree,Strongly Disagree,Strongly agree,Strongly Agree,Strongly Disagree,Neutral,Agree,Strongly agree,Malele_Mixed,Wagai ,Siaya ,Male
Strongly Agree,Disagree,Disagree,Disagree,Neutral,Disagree,Disagree,Strongly Agree,Strongly Agree,Strongly agree,Malele_Mixed,Wagai ,Siaya ,Male
Agree,Neutral,Agree,Agree,Strongly agree,Strongly Disagree,Strongly Disagree,Strongly Disagree,Agree,Agree,Malele_Mixed,Wagai ,Siaya ,Male
Neutral,Disagree,Agree,Strongly Agree,Strongly agree,Neutral,Strongly Disagree,Neutral,Agree,Strongly agree,Malele_Mixed,Wagai ,Siaya ,Male
Disagree,Disagree,Strongly agree,Agree,Agree,Agree,Strongly Disagree,Agree,Agree,Agree,Malele_Mixed,Wagai ,Siaya ,Male
Agree,Agree,Agree,Disagree,Agree,Agree,Disagree,Agree,Agree,Agree,Malele_Mixed,Wagai ,Siaya ,Female
Agree,Agree,Strongly agree,Disagree,Strongly agree,Strongly Agree,Strongly Disagree,Agree,Strongly Agree,Agree,Malele_Mixed,Wagai ,Siaya ,Male
Disagree,Strongly agree,Agree,Strongly Disagree,Strongly agree,Agree,Strongly Disagree,Strongly Disagree,Disagree,Strongly agree,Malele_Mixed,Wagai ,Siaya ,Female
Agree,Strongly agree,Strongly agree,Strongly Disagree,Strongly agree,Agree,Disagree,Strongly Disagree,Strongly Agree,Strongly agree,Malele_Mixed,Wagai ,Siaya ,Female
Disagree,Agree,Strongly agree,Strongly Disagree,Strongly agree,Strongly Agree,Strongly Disagree,Strongly Agree,Strongly Agree,Strongly agree,Malele_Mixed,Wagai ,Siaya ,Female
Disagree,Agree,Strongly agree,Disagree,Strongly agree,Strongly Agree,Strongly Disagree,Strongly Agree,Agree,Strongly agree,Malele_Mixed,Wagai,Siaya ,Female
Disagree,Disagree,Strongly agree,Strongly Disagree,Strongly agree,Strongly Agree,Strongly Disagree,Strongly Agree,Strongly Agree,Strongly agree,Malele_Mixed,Wagai,Siaya,Female
Strongly Agree,Agree,Strongly agree,Disagree,Agree,Agree,Strongly Disagree,Agree,Agree,Agree,Malele_Mixed,Wagai,Siaya,Female
Neutral,Agree,Strongly agree,Strongly Disagree,Strongly agree,Strongly Disagree,Strongly Disagree,Disagree,Disagree,Strongly agree,Malele_Mixed,Wagai,Siaya,Female
Neutral,Agree,Strongly agree,Strongly Disagree,Strongly agree,Strongly Disagree,Strongly Disagree,Disagree,Agree,Strongly agree,Malele_Mixed,Wagai,Siaya ,Female
Neutral,Agree,Strongly agree,Strongly Disagree,Strongly agree,Strongly Agree,Strongly Disagree,Disagree,Neutral,Strongly agree,Malele_Mixed,Wagai ,Siaya ,Female
Neutral,Agree,Strongly agree,Strongly Disagree,Strongly agree,Strongly Agree,Strongly Disagree,Strongly Disagree,Agree,Strongly agree,Malele_Mixed,Wagai ,Siaya ,Female
Agree,Agree,Neutral,Strongly Disagree,Agree,Strongly Disagree,Strongly Agree,Disagree,Agree,Strongly agree,Malele_Mixed,Wagai,Siaya,Female
Agree,Strongly agree,Strongly agree,Strongly Disagree,Strongly agree,Strongly Agree,Strongly Disagree,Agree,Neutral,Strongly agree,Malele_Mixed,Wagai ,Siaya ,Female
Strongly Agree,Agree,Strongly agree,Disagree,Strongly agree,Strongly Agree,Strongly Disagree,Agree,Strongly Disagree,Strongly agree,Malele_Mixed,Wagai ,Siaya ,Female
Disagree,Agree,Strongly agree,Disagree,Strongly agree,Strongly Disagree,Disagree,Strongly Disagree,Agree,Strongly agree,Malele_Mixed,Wagai ,Siaya ,Female
Agree,Strongly disagree,Strongly agree,Disagree,Strongly disagree,Agree,Strongly Disagree,Disagree,Strongly Disagree,Strongly agree,Malele_Mixed,Wagai,Siaya,Female
Agree,Disagree,Strongly agree,Disagree,Strongly agree,Strongly Disagree,Disagree,Strongly Disagree,Agree,Strongly agree,Malele_Mixed,Wagai ,Siaya ,Female
Agree,Disagree,Strongly agree,Disagree,Strongly agree,Disagree,Strongly Disagree,Disagree,Agree,Strongly agree,Malele_Mixed,Wagai ,Siaya ,Female
Neutral,Disagree,Disagree,Strongly Agree,Strongly agree,Strongly Disagree,Disagree,Disagree,Agree,Strongly agree,Malele_Mixed,Wagai ,Siaya ,Female
Strongly Agree,Disagree,Strongly agree,Strongly Agree,Strongly agree,Strongly Disagree,Strongly Disagree,Disagree,Agree,Strongly agree,Malele_Mixed,Wagai ,Siaya ,Female
Agree,Disagree,Strongly agree,Strongly Disagree,Strongly agree,Strongly Agree,Strongly Disagree,Strongly Disagree,Disagree,Agree,Malele_Mixed,Wagai ,Siaya ,Female
Agree,Agree,Disagree,Agree,Strongly agree,Strongly Disagree,Disagree,Disagree,Agree,Agree,Malele_Mixed,Wagai ,Siaya ,Female
Agree,Agree,Strongly agree,Disagree,Agree,Disagree,Strongly Disagree,Strongly Disagree,Strongly Disagree,Agree,Malele_Mixed,Wagai ,Siaya ,Male
Agree,Strongly agree,Strongly agree,Agree,Strongly agree,Strongly Disagree,Disagree,Strongly Disagree,Strongly Agree,Strongly agree,Malele_Mixed,Wagai ,Siaya,Female
Agree,Agree,Strongly agree,Disagree,Strongly agree,Strongly Disagree,Strongly Disagree,Disagree,Strongly Agree,Strongly agree,Malele_Mixed,Wagai ,Siaya ,Female
Strongly Agree,Agree,Agree,Disagree,Agree,Strongly Agree,Disagree,Disagree,Strongly Agree,Strongly agree,Malele_Mixed,Wagai ,Siaya,Female
Agree,Agree,Strongly agree,Disagree,Strongly agree,Strongly Agree,Strongly Disagree,Agree,Strongly Agree,Strongly agree,Malele_Mixed,Wagai ,Siaya ,Male
Agree,Disagree,Strongly agree,Strongly Disagree,Strongly agree,Strongly Disagree,Strongly Disagree,Strongly Disagree,Strongly Agree,Strongly agree,Malele_Mixed,Wagai ,Siaya ,Male
Agree,Disagree,Strongly agree,Agree,Strongly agree,Agree,Strongly Disagree,Disagree,Disagree,Strongly agree,Malele_Mixed,Wagai ,Siaya ,Male
Neutral,Agree,Strongly agree,Disagree,Strongly agree,Strongly Disagree,Strongly Disagree,Strongly Disagree,Strongly Agree,Strongly agree,Malele_Mixed,Wagai ,Siaya ,Female
Agree,Strongly agree,Strongly agree,Disagree,Agree,Strongly Disagree,Strongly Disagree,Strongly Agree,Agree,Strongly agree,Malele_Mixed,Wagai ,Siaya ,Male
Strongly Agree,Strongly disagree,Strongly disagree,Neutral,Neutral,Strongly Disagree,Strongly Disagree,Strongly Disagree,Agree,Agree,Malele_Mixed,Wagai ,Siaya ,Male
Agree,Strongly agree,Strongly agree,Neutral,Agree,Strongly Disagree,Strongly Disagree,Strongly Disagree,Agree,Strongly agree,Malele_Mixed,Wagai ,Siaya ,Female
Agree,Agree,Strongly agree,Strongly Disagree,Strongly agree,Disagree,Strongly Disagree,Disagree,Agree,Agree,Malele_Mixed,Wagai ,Siaya ,Male
Strongly Agree,Agree,Strongly agree,Disagree,Strongly agree,Strongly Disagree,Strongly Disagree,Disagree,Agree,Agree,Malele_Mixed,Wagai ,Siaya ,Female
Disagree,Strongly disagree,Agree,Neutral,Neutral,Strongly Disagree,Strongly Disagree,Disagree,Neutral,Agree,Malele_Mixed,Wagai ,Siaya ,Female
Disagree,Neutral,Strongly agree,Strongly Disagree,Neutral,Disagree,Strongly Disagree,Disagree,Neutral,Agree,Malele_Mixed,Wagai ,Siaya ,Female
Strongly Agree,Strongly agree,Strongly agree,Disagree,Strongly agree,Strongly Disagree,Strongly Disagree,Strongly Disagree,Neutral,Strongly disagree,Malele_Mixed,Wagai ,Siaya ,Female
Agree,Agree,Strongly agree,Disagree,Strongly agree,Strongly Disagree,Strongly Disagree,Disagree,Agree,Strongly agree,Malele_Mixed,Wagai ,Siaya ,Female
Agree,Agree,Strongly agree,Disagree,Strongly agree,Strongly Disagree,Strongly Disagree,Strongly Disagree,Agree,Agree,Malele_Mixed,Wagai ,Siaya ,Female
Agree,Strongly agree,Strongly agree,Disagree,Agree,Neutral,Agree,Disagree,Strongly Agree,Neutral,Malele_Mixed,Wagai ,Siaya ,Female
Agree,Strongly agree,Neutral,Agree,Agree,Strongly Disagree,Disagree,Neutral,Strongly Agree,Agree,Malele_Mixed,Wagai ,Siaya ,Female
Agree,Strongly disagree,Neutral,Agree,Strongly agree,Strongly Disagree,Strongly Disagree,Disagree,Strongly Disagree,Disagree,Malele_Mixed,Wagai ,Siaya ,Female
Agree,Strongly agree,Neutral,Disagree,Strongly agree,Strongly Disagree,Strongly Disagree,Disagree,Agree,Disagree,Malele_Mixed,Wagai ,Siaya ,Female
Agree,Strongly agree,Neutral,Disagree,Strongly agree,Strongly Disagree,Strongly Disagree,Disagree,Agree,Disagree,Malele_Mixed,Wagai ,Siaya ,Female
Agree,Strongly agree,Strongly agree,Strongly Disagree,Agree,Agree,Disagree,Agree,Strongly Agree,Agree,Malele_Mixed,Wagai ,Siaya ,Male
Strongly Agree,Agree,Agree,Strongly Agree,Strongly agree,Strongly Disagree,Disagree,Neutral,Strongly Disagree,Agree,Malele_Mixed,Wagai ,Siaya ,Female
Agree,Agree,Strongly agree,Disagree,Strongly agree,Strongly Agree,Strongly Disagree,Agree,Strongly Agree,Agree,Malele_Mixed,Wagai ,Siaya ,Female
Strongly Agree,Neutral,Strongly agree,Disagree,Strongly agree,Agree,Strongly Disagree,Disagree,Strongly Agree,Strongly agree,Malele_Mixed,Wagai ,Siaya ,Male
Strongly Agree,Agree,Strongly agree,Strongly Disagree,Strongly agree,Strongly Disagree,Strongly Disagree,Disagree,Strongly Agree,Agree,Malele_Mixed,Wagai ,Siaya ,Female
Agree,Strongly agree,Strongly agree,Strongly Disagree,Strongly agree,Strongly Disagree,Strongly Disagree,Strongly Disagree,Strongly Agree,Strongly agree,Malele_Mixed,Wagai ,Siaya ,Female
Disagree,Disagree,Strongly agree,Disagree,Disagree,Agree,Disagree,Strongly Disagree,Strongly Agree,Strongly agree,Malele_Mixed,Wagai ,Siaya ,Female
Disagree,Disagree,Strongly agree,Disagree,Disagree,Agree,Disagree,Strongly Disagree,Strongly Agree,Agree,Malele_Mixed,Wagai ,Siaya ,Female
Agree,Agree,Agree,Disagree,Agree,Disagree,Strongly Disagree,Neutral,Strongly Agree,Strongly agree,Malele_Mixed,Wagai ,Siaya ,Female
Strongly Agree,Agree,Strongly agree,Disagree,Agree,Strongly Agree,Disagree,Disagree,Agree,Agree,Malele_Mixed,Wagai,Siaya ,Male
Agree,Agree,Strongly disagree,Strongly Agree,Strongly agree,Strongly Agree,Strongly Disagree,Strongly Agree,Strongly Agree,Agree,Malele_Mixed,Wagai,Siaya,Male
Strongly Agree,Strongly agree,Strongly agree,Strongly Disagree,Strongly agree,Strongly Agree,Strongly Disagree,Strongly Disagree,Strongly Agree,Agree,Malele_Mixed,Wagai ,Siaya ,Female
Strongly Agree,Strongly agree,Strongly agree,Strongly Disagree,Strongly agree,Strongly Agree,Strongly Disagree,Strongly Disagree,Strongly Agree,Agree,Malele_Mixed,Wagai ,Siaya ,Female
Disagree,Disagree,Strongly disagree,Disagree,Agree,Disagree,Strongly Disagree,Strongly Agree,Agree,Agree,Malele_Mixed,Wagai ,Siaya ,Female
Disagree,Disagree,Agree,Agree,Strongly agree,Agree,Strongly Disagree,Agree,Agree,Agree,Malele_Mixed,Wagai ,Siaya ,Female
Agree,Agree,Agree,Disagree,Strongly agree,Disagree,Strongly Disagree,Disagree,Neutral,Strongly agree,Malele_Mixed,Wagai ,Siaya ,Male
Strongly Disagree,Neutral,Agree,Agree,Strongly agree,Agree,Strongly Disagree,Agree,Strongly Agree,Agree,Malele_Mixed,Wagai ,Siaya ,Female
Agree,Agree,Agree,Disagree,Strongly agree,Strongly Disagree,Strongly Disagree,Disagree,Strongly Agree,Agree,Malele_Mixed,Wagai ,Siaya ,Male
Disagree,Disagree,Agree,Agree,Strongly agree,Strongly Agree,Strongly Disagree,Agree,Neutral,Strongly agree,Malele_Mixed,Wagai ,Siaya ,Female
Strongly Agree,Agree,Agree,Disagree,Strongly agree,Strongly Disagree,Strongly Disagree,Disagree,Neutral,Agree,Malele_Mixed,Wagai ,Siaya ,Male
Strongly Disagree,Agree,Strongly agree,Disagree,Agree,Agree,Strongly Agree,Strongly Disagree,Agree,Strongly agree,Malele_Mixed,Wagai ,Siaya ,Female
Agree,Agree,Agree,Disagree,Strongly agree,Strongly Disagree,Disagree,Disagree,Neutral,Agree,Malele_Mixed,Wagai ,Siaya ,Male
Agree,Disagree,Strongly agree,Disagree,Disagree,Strongly Agree,Strongly Disagree,Disagree,Agree,Strongly agree,Malele_Mixed,Wagai ,Siaya ,Male
Strongly Disagree,Strongly agree,Strongly agree,Neutral,Strongly agree,Strongly Disagree,Strongly Disagree,Agree,Strongly Agree,Strongly disagree,Malele_Mixed,Wagai ,Siaya ,Male
Agree,Agree,Agree,Disagree,Agree,Agree,Disagree,Strongly Disagree,Agree,Agree,Malele_Mixed,Wagai ,Siaya ,Female
Agree,Agree,Agree,Strongly Disagree,Agree,Agree,Strongly Disagree,Strongly Disagree,Agree,Strongly agree,Malele_Mixed,Wagai ,Siaya ,Female
Agree,Strongly agree,Agree,Strongly Disagree,Strongly agree,Strongly Disagree,Disagree,Strongly Agree,Agree,Disagree,Malele_Mixed,Wagai ,Siaya ,Female
Strongly Agree,Strongly agree,Strongly agree,Strongly Disagree,Strongly agree,Disagree,Strongly Disagree,Agree,Strongly Agree,Strongly disagree,Malele_Mixed,Wagai ,Siaya ,Female
Neutral,Agree,Strongly agree,Disagree,Strongly agree,Strongly Agree,Strongly Disagree,Strongly Agree,Agree,Strongly agree,Malele_Mixed,Wagai ,Siaya ,Male
Strongly Agree,Agree,Neutral,Disagree,Agree,Strongly Disagree,Disagree,Agree,Agree,Strongly agree,Malele_Mixed,Wagai ,Siaya ,Female
Agree,Neutral,Strongly agree,Agree,Agree,Strongly Agree,Neutral,Strongly Disagree,Agree,Agree,Malele_Mixed,Wagai ,Siaya ,Male
Agree,Strongly agree,Agree,Strongly Disagree,Strongly agree,Agree,Strongly Disagree,Disagree,Strongly Agree,Strongly agree,Malele_Mixed,Wagai ,Siaya ,Female
Strongly Agree,Agree,Strongly agree,Disagree,Agree,Strongly Agree,Disagree,Agree,Agree,Strongly agree,Malele_Mixed,Wagai ,Siaya ,Female
Agree,Agree,Strongly agree,Disagree,Strongly agree,Agree,Disagree,Disagree,Agree,Agree,Malele_Mixed,Wagai ,Siaya ,Female
Strongly Agree,Agree,Agree,Strongly Disagree,Agree,Neutral,Strongly Disagree,Strongly Disagree,Agree,Agree,Malele_Mixed,Wagai ,Siaya ,Male
Agree,Agree,Strongly agree,Disagree,Strongly agree,Agree,Strongly Disagree,Agree,Agree,Strongly agree,Malele_Mixed,Wagai ,Siaya ,Female
Strongly Agree,Strongly agree,Strongly agree,Strongly Disagree,Agree,Disagree,Strongly Disagree,Strongly Disagree,Agree,Agree,Malele_Mixed,Wagai ,Siaya ,Male
Strongly Agree,Agree,Neutral,Disagree,Strongly agree,Agree,Strongly Disagree,Agree,Agree,Agree,Malele_Mixed,Wagai ,Siaya ,Female
Strongly Agree,Agree,Neutral,Disagree,Strongly disagree,Neutral,Disagree,Neutral,Agree,Strongly agree,Malele_Mixed,Wagai ,Siaya ,Male
Strongly Agree,Agree,Strongly agree,Agree,Agree,Strongly Agree,Strongly Disagree,Strongly Disagree,Agree,Strongly agree,Malele_Mixed,Wagai ,Siaya ,Male
Agree,Strongly disagree,Strongly agree,Disagree,Strongly agree,Strongly Disagree,Strongly Disagree,Agree,Agree,Strongly agree,Malele_Mixed,Wagai ,Siaya ,Male
Agree,Agree,Agree,Disagree,Agree,Strongly Agree,Strongly Disagree,Neutral,Agree,Strongly agree,Malele_Mixed,Wagai ,Siaya ,Male
Agree,Agree,Strongly agree,Strongly Disagree,Strongly agree,Strongly Agree,Strongly Disagree,Agree,Agree,Strongly agree,Malele_Mixed,Wagai ,Siaya ,Male
Agree,Strongly agree,Strongly agree,Disagree,Agree,Disagree,Strongly Disagree,Neutral,Strongly Agree,Agree,Malele_Mixed,Wagai ,Siaya ,Male
Disagree,Agree,Strongly agree,Disagree,Neutral,Disagree,Strongly Disagree,Agree,Strongly Agree,Disagree,Malele_Mixed,Wagai ,Siaya ,Male
Agree,Strongly agree,Neutral,Disagree,Strongly disagree,Strongly Disagree,Disagree,Neutral,Agree,Strongly agree,Malele_Mixed,Wagai ,Siaya ,Male
Disagree,Strongly disagree,Strongly disagree,Disagree,Strongly disagree,Agree,Strongly Disagree,Strongly Disagree,Agree,Strongly disagree,Malele_Mixed,Wagai ,Siaya ,Male
Strongly Agree,Agree,Agree,Disagree,Agree,Strongly Disagree,Disagree,Neutral,Agree,Strongly agree,Malele_Mixed,Wagai ,Siaya ,Male
Agree,Agree,Strongly agree,Strongly Disagree,Strongly agree,Strongly Agree,Strongly Disagree,Agree,Agree,Strongly agree,Malele_Mixed,Wagai ,Siaya ,Male
Disagree,Neutral,Strongly agree,Disagree,Strongly agree,Strongly Disagree,Neutral,Strongly Agree,Disagree,Strongly agree,Malele_Mixed,Wagai ,Siaya ,Female
Strongly Agree,Agree,Strongly agree,Disagree,Strongly agree,Agree,Disagree,Agree,Agree,Agree,Malele_Mixed,Wagai ,Siaya ,Male
Strongly Agree,Strongly agree,Strongly agree,Strongly Disagree,Strongly agree,Neutral,Strongly Disagree,Neutral,Strongly Agree,Strongly agree,Malele_Mixed,Wagai ,Siaya ,Male
Disagree,Agree,Strongly agree,Strongly Disagree,Strongly agree,Strongly Agree,Strongly Disagree,Strongly Disagree,Strongly Agree,Strongly agree,Malele_Mixed,Wagai ,Siaya ,Male
Neutral,Agree,Strongly agree,Strongly Disagree,Agree,Neutral,Strongly Disagree,Neutral,Strongly Agree,Agree,Malele_Mixed,Wagai ,Siaya ,Male
Agree,Strongly agree,Strongly agree,Disagree,Strongly agree,Strongly Agree,Neutral,Strongly Agree,Agree,Strongly agree,Malele_Mixed,Wagai ,Siaya ,Female
Agree,Agree,Neutral,Strongly Disagree,Strongly agree,Strongly Disagree,Disagree,Agree,Strongly Agree,Neutral,Malele_Mixed,Wagai ,Siaya ,Male
Agree,Strongly agree,Agree,Strongly Disagree,Strongly agree,Strongly Agree,Disagree,Strongly Disagree,Strongly Agree,Disagree,Malele_Mixed,Wagai ,Siaya ,Female
Strongly Agree,Strongly agree,Strongly agree,Strongly Disagree,Strongly agree,Strongly Agree,Strongly Disagree,Agree,Strongly Agree,Strongly agree,Malele_Mixed,Wagai ,Siaya ,Female
Strongly Agree,Agree,Neutral,Disagree,Strongly disagree,Neutral,Strongly Disagree,Strongly Disagree,Strongly Disagree,Disagree,Malele_Mixed,Wagai ,Siaya ,Male
Agree,Strongly agree,Strongly agree,Strongly Disagree,Strongly agree,Agree,Disagree,Agree,Strongly Agree,Agree,Malele_Mixed,Wagai ,Siaya ,Female
Agree,Agree,Strongly agree,Strongly Disagree,Strongly agree,Disagree,Strongly Disagree,Agree,Neutral,Strongly disagree,Malele_Mixed,Wagai ,Siaya ,Male
Strongly Agree,Agree,Agree,Disagree,Agree,Disagree,Strongly Disagree,Agree,Agree,Agree,Malele_Mixed,Wagai ,Siaya ,Male
Strongly Disagree,Disagree,Strongly agree,Disagree,Agree,Disagree,Strongly Agree,Agree,Neutral,Agree,Malele_Mixed,Wagai ,Siaya ,Male
Agree,Agree,Agree,Disagree,Agree,Disagree,Strongly Disagree,Neutral,Agree,Disagree,Malele_Mixed,Wagai ,Siaya ,Male
Agree,Strongly agree,Strongly agree,Disagree,Strongly agree,Strongly Disagree,Disagree,Neutral,Agree,Strongly agree,Malele_Mixed,Wagai ,Siaya ,Male
Agree,Agree,Strongly agree,Disagree,Strongly agree,Strongly Disagree,Strongly Disagree,Agree,Agree,Strongly agree,Malele_Mixed,Wagai ,Siaya ,Female
Agree,Strongly agree,Neutral,Strongly Agree,Strongly disagree,Strongly Disagree,Disagree,Strongly Agree,Strongly Agree,Agree,Malele_Mixed,Wagai ,Siaya ,Female
Agree,Agree,Strongly agree,Disagree,Agree,Disagree,Strongly Disagree,Strongly Agree,Agree,Strongly agree,Malele_Mixed,Wagai ,Siaya ,Female
Agree,Agree,Strongly agree,Strongly Disagree,Strongly agree,Disagree,Strongly Disagree,Strongly Agree,Agree,Strongly agree,Malele_Mixed,Wagai ,Siaya ,Female
Agree,Agree,Strongly agree,Strongly Disagree,Agree,Disagree,Strongly Disagree,Neutral,Agree,Agree,Malele_Mixed,Wagai ,Siaya ,Male
Agree,Strongly agree,Strongly disagree,Strongly Disagree,Agree,Strongly Disagree,Strongly Disagree,Disagree,Agree,Strongly agree,Malele_Mixed,Wagai ,Siaya ,Male
Agree,Strongly agree,Strongly agree,Strongly Disagree,Agree,Disagree,Strongly Disagree,Neutral,Strongly Agree,Strongly agree,Malele_Mixed,Wagai,Siaya ,Male
Agree,Agree,Neutral,Strongly Disagree,Neutral,Agree,Strongly Disagree,Strongly Agree,Strongly Agree,Strongly agree,Ojola_Mixed,Wagai ,Siaya ,Male
Agree,Strongly agree,Strongly agree,Strongly Disagree,Strongly agree,Strongly Disagree,Strongly Disagree,Neutral,Agree,Agree,Malele_Mixed,Wagai ,Siaya ,Male
Agree,Neutral,Strongly agree,Strongly Disagree,Strongly agree,Strongly Disagree,Strongly Disagree,Neutral,Agree,Agree,Malele_Mixed,Wagai ,Siaya ,Male
Strongly Agree,Agree,Strongly agree,Agree,Strongly agree,Agree,Disagree,Strongly Disagree,Agree,Strongly agree,Malele_Mixed,Wagai ,Siaya ,Male
Strongly Agree,Agree,Strongly agree,Strongly Disagree,Strongly agree,Disagree,Strongly Disagree,Agree,Agree,Agree,Malele_Mixed,Wagai ,Siaya ,Male
Strongly Agree,Agree,Strongly agree,Agree,Strongly agree,Disagree,Strongly Disagree,Agree,Strongly Agree,Strongly agree,Malele_Mixed,Wagai ,Siaya ,Male
Disagree,Neutral,Strongly disagree,Neutral,Strongly agree,Strongly Disagree,Agree,Disagree,Agree,Strongly agree,Ojola_Mixed,Wagai,Siaya,Male
Agree,Strongly disagree,Strongly agree,Agree,Strongly disagree,Agree,Strongly Disagree,Disagree,Strongly Disagree,Strongly agree,Malele_Mixed,Wagai ,Siaya ,Female
Agree,Strongly agree,Agree,Strongly Agree,Agree,Strongly Disagree,Strongly Disagree,Strongly Disagree,Strongly Agree,Strongly disagree,Malele_Mixed,Wagai ,Siaya ,Female
Strongly Agree,Agree,Strongly agree,Strongly Agree,,Strongly Disagree,Strongly Disagree,Strongly Disagree,Strongly Agree,Strongly disagree,Malele_Mixed,Wagai ,Siaya ,Female
Agree,Strongly agree,Agree,Strongly Disagree,Strongly agree,Agree,Strongly Disagree,Strongly Agree,Strongly Agree,Agree,Malele_Mixed,Wagai ,Siaya ,Female
Strongly Agree,Agree,Strongly agree,Strongly Disagree,,Strongly Disagree,Strongly Disagree,Disagree,Strongly Agree,Agree,Malele_Mixed,Wagai ,Siaya ,Female
Strongly Agree,Strongly agree,Strongly agree,Strongly Disagree,Strongly agree,Strongly Disagree,Strongly Disagree,Agree,Strongly Agree,Strongly agree,Malele_Mixed,Wagai ,Siaya ,Female
Agree,Disagree,Agree,Disagree,Agree,Strongly Disagree,Strongly Disagree,Agree,Agree,Disagree,Malele_Mixed,Wagai ,Siaya ,Female
Disagree,Neutral,Agree,Disagree,Agree,Strongly Disagree,Strongly Disagree,Agree,Neutral,Disagree,Malele_Mixed,Wagai ,Siaya ,Male
Agree,Neutral,Strongly agree,Neutral,Strongly agree,Neutral,Strongly Disagree,Disagree,Agree,Strongly agree,Ojola_Mixed,Wagai ,Siaya ,Female
Neutral,Neutral,Agree,Neutral,Strongly agree,Strongly Disagree,Strongly Disagree,Disagree,Neutral,Strongly agree,Ojola_Mixed,Wagai ,Siaya ,Female
Neutral,Strongly disagree,Agree,Neutral,Strongly agree,Strongly Disagree,Strongly Disagree,Strongly Disagree,Strongly Agree,Strongly agree,Ojola_Mixed,Wagai ,Siaya ,Male
Neutral,Agree,Strongly agree,Neutral,Agree,Strongly Disagree,Strongly Disagree,Strongly Disagree,Disagree,Agree,Ojola_Mixed,Wagai ,Siaya ,Male
Strongly Disagree,Neutral,Agree,Strongly Agree,Agree,Strongly Disagree,Strongly Disagree,Strongly Agree,Agree,Agree,Ojola_Mixed,Waga,Siaya ,Male
Neutral,Disagree,Strongly disagree,Neutral,Strongly disagree,Disagree,Strongly Disagree,Strongly Disagree,Agree,Strongly agree,Ojola_Mixed,Wagai ,Siaya ,Male
Neutral,Disagree,Strongly disagree,Neutral,Disagree,Strongly Disagree,Strongly Disagree,Strongly Agree,Agree,Strongly agree,Ojola_Mixed,Wagai ,Siaya ,Male
Neutral,Disagree,Disagree,Neutral,Disagree,Strongly Disagree,Strongly Disagree,Strongly Agree,Agree,Strongly agree,Ojola_Mixed,Wagai ,Siaya ,Male
Neutral,Disagree,Strongly agree,Neutral,Neutral,Neutral,Strongly Disagree,Neutral,Neutral,Agree,Ojola_Mixed,Wagai ,Siaya,Female
Neutral,Agree,Neutral,Neutral,Neutral,Neutral,Strongly Disagree,Strongly Disagree,Strongly Agree,Strongly agree,Ojola_Mixed,Wagai ,Siaya ,Female
Neutral,Agree,Agree,Agree,Strongly agree,Strongly Agree,Disagree,Strongly Disagree,Strongly Agree,Strongly agree,Ojola_Mixed,Wagai ,Siaya ,Female
Neutral,Agree,Agree,Agree,Strongly agree,Strongly Agree,Disagree,Disagree,Strongly Agree,Strongly agree,Ojola_Mixed,Wagai ,Siaya ,Female
Neutral,Neutral,Strongly agree,Disagree,Agree,Agree,Strongly Disagree,Strongly Disagree,Strongly Disagree,Strongly agree,Ojola_Mixed,Wagai ,Siaya ,Female
Agree,Neutral,Agree,Strongly Disagree,Strongly agree,Disagree,Strongly Disagree,Strongly Disagree,Agree,Strongly agree,Ojola_Mixed,Wagai ,Siaya ,Male
Disagree,Disagree,Strongly disagree,Strongly Disagree,Neutral,Disagree,Strongly Disagree,Strongly Disagree,Agree,Strongly agree,Ojola_Mixed,Wagai ,Siaya ,Male
Disagree,Strongly disagree,Neutral,Neutral,Neutral,Neutral,Strongly Disagree,Neutral,Strongly Agree,Agree,Ojola_Mixed,Wagai ,Siaya ,Male
Agree,Neutral,Neutral,Neutral,Agree,Agree,Strongly Disagree,Disagree,Neutral,Neutral,Ojola_Mixed,Wagai ,Siaya ,Male
Neutral,Neutral,Strongly agree,Disagree,Strongly agree,Agree,Strongly Disagree,Strongly Disagree,Strongly Agree,Strongly agree,Ojola_Mixed,Wagai ,Siaya ,Female
Agree,Neutral,Strongly agree,Disagree,Strongly agree,Agree,Strongly Disagree,Disagree,Strongly Agree,Strongly agree,Ojola_Mixed,Wagai ,Siaya ,Female
Disagree,Agree,Strongly agree,Neutral,Agree,Strongly Disagree,Strongly Disagree,Strongly Agree,Agree,Strongly agree,Ojola_Mixed,Wagai ,Siaya ,Female
Disagree,Agree,Agree,Neutral,Disagree,Strongly Disagree,Strongly Disagree,Strongly Agree,Agree,Agree,Ojola_Mixed,Wagai ,Siaya ,Female
Agree,Agree,Strongly agree,Agree,Strongly agree,Strongly Disagree,Strongly Disagree,Strongly Disagree,Agree,Strongly agree,Ojola_Mixed,Wagai ,Siaya ,Male
Neutral,Agree,Strongly agree,Agree,Strongly agree,Neutral,Strongly Disagree,Strongly Disagree,Strongly Agree,Strongly agree,Ojola_Mixed,Wagai ,Siaya ,Female
Agree,Agree,Strongly agree,Strongly Disagree,Strongly agree,Strongly Agree,Strongly Disagree,Neutral,Strongly Agree,Strongly agree,Ojola_Mixed,Wagai ,Siaya ,Female
Neutral,Neutral,Strongly agree,Neutral,Agree,Strongly Agree,Strongly Disagree,Strongly Disagree,Neutral,Strongly agree,Ojola_Mixed,Wagai ,Siaya ,Female
Agree,Agree,Strongly agree,Agree,Strongly agree,Strongly Disagree,Strongly Disagree,Strongly Disagree,Strongly Agree,Strongly agree,Ojola_Mixed,Wagai ,Siaya ,Female
Agree,Agree,Strongly agree,Agree,Strongly agree,Strongly Disagree,Strongly Disagree,Strongly Disagree,Strongly Agree,Strongly agree,Ojola_Mixed,Wagai ,Siaya ,Female
Neutral,Agree,Strongly agree,Neutral,Strongly agree,Strongly Agree,Strongly Disagree,Strongly Agree,Strongly Agree,Strongly agree,Ojola_Mixed,Wagai ,Siaya ,Male
Strongly Agree,Neutral,Agree,Disagree,Agree,Disagree,Strongly Disagree,Strongly Disagree,Strongly Agree,Strongly agree,Ojola_Mixed,Wagai ,Siaya ,Male
Neutral,Neutral,Agree,Agree,Agree,Neutral,Strongly Disagree,Strongly Disagree,Strongly Agree,Strongly agree,Ojola_Mixed,Wagai ,Siaya ,Male
Neutral,Neutral,Agree,Agree,Neutral,Neutral,Strongly Disagree,Strongly Disagree,Neutral,Neutral,Ojola_Mixed,Wagai ,Siaya ,Male
Neutral,Neutral,Neutral,Agree,Neutral,Agree,Strongly Disagree,Strongly Disagree,Agree,Agree,Ojola_Mixed,Wagai ,Siaya ,Male
Strongly Agree,Strongly agree,Strongly agree,Strongly Agree,Strongly agree,Agree,Strongly Disagree,Strongly Disagree,Agree,Strongly agree,Ojola_Mixed,Wagai ,Siaya ,Male
Agree,Neutral,Agree,Agree,Neutral,Disagree,Strongly Disagree,Strongly Disagree,Neutral,Agree,Ojola_Mixed,Wagai ,Siaya ,Male
Neutral,Disagree,Agree,Agree,Strongly agree,Strongly Agree,Strongly Disagree,Disagree,Neutral,Strongly agree,Ojola_Mixed,Wagai ,Siaya ,Male
Agree,Agree,Strongly agree,Strongly Disagree,Strongly agree,Strongly Agree,Strongly Disagree,Disagree,Agree,Strongly agree,Ojola_Mixed,Wagai ,Siaya ,Male
Strongly Agree,Agree,Agree,Agree,Strongly agree,Agree,Strongly Disagree,Disagree,Neutral,Strongly agree,Ojola_Mixed,Wagai ,Siaya ,Male
Neutral,Agree,Strongly agree,Strongly Disagree,Strongly agree,Agree,Strongly Disagree,Disagree,Disagree,Strongly agree,Ojola_Mixed,Wagai ,Siaya ,Female
Neutral,Agree,Agree,Neutral,Strongly agree,Agree,Strongly Disagree,Strongly Disagree,Neutral,Strongly agree,Ojola_Mixed,Wagai ,Siaya ,Female
Agree,Agree,Agree,Agree,Agree,Agree,Strongly Disagree,Neutral,Agree,Agree,Ojola_Mixed,Wagai ,Siaya ,Female
Neutral,Agree,Agree,Strongly Disagree,Strongly agree,Strongly Disagree,Strongly Disagree,Disagree,Strongly Agree,Strongly agree,Ojola_Mixed,Wagai ,Siaya ,Female
Strongly Disagree,Disagree,Agree,Agree,Disagree,Strongly Disagree,Strongly Disagree,Disagree,Strongly Disagree,Disagree,Malele_Mixed,Wagai ,Siaya ,Female
Strongly Agree,Strongly agree,Agree,Strongly Disagree,Strongly agree,Strongly Disagree,Strongly Disagree,Neutral,Agree,Agree,Malele_Mixed,Wagai ,Siaya ,Male
Strongly Agree,Agree,Strongly agree,Strongly Disagree,Strongly agree,Disagree,Strongly Disagree,Strongly Disagree,Agree,Strongly agree,Malele_Mixed,Wagai,Siaya ,Female
Agree,Agree,Strongly agree,Strongly Disagree,Strongly agree,Disagree,Strongly Disagree,Strongly Disagree,Agree,Strongly agree,Malele_Mixed,Wagai ,Siaya ,Female
Agree,Agree,Strongly agree,Strongly Disagree,Strongly agree,Strongly Disagree,Strongly Disagree,Strongly Agree,Strongly Agree,Strongly agree,Malele_Mixed,Wagai ,Siaya ,Female
Agree,Agree,Agree,Strongly Disagree,Strongly agree,Strongly Disagree,Strongly Disagree,Strongly Agree,Strongly Agree,Strongly agree,Malele_Mixed,Wagai ,Siaya ,Female
Agree,Strongly agree,Strongly agree,Strongly Disagree,Strongly agree,Strongly Agree,Strongly Disagree,Strongly Agree,Strongly Agree,Strongly agree,Malele_Mixed,Wagai ,Siaya ,Female
Agree,Agree,Agree,Strongly Disagree,Strongly agree,Strongly Disagree,Strongly Disagree,Disagree,Agree,Neutral,Malele_Mixed,Wagai ,Siaya ,Female
Neutral,Agree,Agree,Agree,Strongly agree,Strongly Agree,Disagree,Disagree,Strongly Agree,Strongly agree,Ojola_Mixed,Wagai ,Siaya ,Female
Neutral,Agree,Agree,Strongly Agree,Strongly agree,Disagree,Disagree,Neutral,Strongly Agree,Strongly agree,Ojola_Mixed,Wagai ,Siaya ,Female
Agree,Agree,Strongly agree,Strongly Agree,,Agree,Strongly Disagree,Strongly Agree,Strongly Agree,Strongly agree,Ojola_Mixed,Wagai ,Siaya ,Female
Agree,Agree,Agree,Neutral,Agree,Neutral,Agree,Agree,Agree,Agree,Ojola_Mixed,Wagai ,Siaya ,Male
Agree,Agree,Agree,Neutral,Agree,Agree,Disagree,Disagree,Agree,Strongly agree,Ojola_Mixed,Wagai ,Siaya ,Male
Strongly Agree,Agree,Neutral,Disagree,Disagree,Strongly Agree,Agree,Neutral,Disagree,Disagree,Ojola_Mixed,Wagai ,Siaya ,Male
Neutral,Agree,Strongly agree,Neutral,Agree,Strongly Agree,Strongly Disagree,Strongly Agree,Strongly Agree,Strongly agree,Ojola_Mixed,Wagai ,Siaya ,Male
Neutral,Neutral,Agree,Neutral,Strongly agree,Strongly Agree,Strongly Disagree,Neutral,Strongly Agree,Strongly agree,Ojola_Mixed,Wagai ,Siaya ,Male
Neutral,Agree,Strongly disagree,Neutral,Disagree,Strongly Disagree,Neutral,Agree,Agree,Strongly agree,Ojola_Mixed,Wagai ,Siaya,Female
Neutral,Disagree,Strongly agree,Strongly Disagree,Agree,Disagree,Strongly Disagree,Strongly Disagree,Agree,Strongly disagree,Ojola_Mixed,Wagai ,Siaya ,Female
Agree,Neutral,Strongly agree,Neutral,Strongly agree,Strongly Agree,Strongly Disagree,Disagree,Agree,Strongly agree,Ojola_Mixed,Wagai ,Siaya ,Female
Agree,Agree,Strongly agree,Neutral,Strongly agree,Strongly Agree,Strongly Disagree,Disagree,Agree,Strongly agree,Ojola_Mixed,Wagai ,Siaya ,Female
Neutral,Neutral,Agree,Neutral,Agree,Strongly Agree,Strongly Disagree,Neutral,Strongly Agree,Strongly agree,Ojola_Mixed,Wagai ,Siaya ,Male
Neutral,Neutral,Neutral,Agree,Strongly agree,Strongly Disagree,Disagree,Disagree,Agree,Agree,Ojola_Mixed,Wagai ,Siaya ,Female
Agree,Strongly agree,Strongly agree,Strongly Disagree,Strongly agree,Disagree,Strongly Disagree,Strongly Agree,Agree,Neutral,Malele_Mixed,Wagai ,Siaya ,Female
Neutral,Neutral,Neutral,Agree,Agree,Agree,Agree,Neutral,Agree,Agree,Ojola_Mixed,Wagai,Siaya ,Female
Strongly Agree,Strongly agree,Agree,Strongly Disagree,Strongly agree,Strongly Disagree,Strongly Disagree,Agree,Agree,Neutral,Malele_Mixed,Wagai ,Siaya ,Female
Agree,Strongly agree,Strongly agree,Strongly Disagree,Strongly agree,Strongly Disagree,Strongly Disagree,Agree,Strongly Agree,Neutral,Malele_Mixed,Wagai ,Siaya ,Female
Strongly Agree,Agree,Strongly agree,Strongly Disagree,Strongly agree,Neutral,Strongly Disagree,Agree,Agree,Agree,Malele_Mixed,Wagai ,Siaya ,Male
Strongly Agree,Agree,Strongly agree,Disagree,Strongly agree,Strongly Disagree,Disagree,Strongly Disagree,Strongly Agree,Agree,Malele_Mixed,Wagai ,Siaya ,Male
Agree,Strongly agree,Strongly agree,Strongly Disagree,Strongly agree,Disagree,Strongly Disagree,Strongly Disagree,Strongly Agree,Strongly agree,Malele_Mixed,Wagai ,Siaya ,Female
Agree,Strongly agree,Strongly agree,Strongly Disagree,Strongly agree,Disagree,Strongly Disagree,Strongly Disagree,Agree,Strongly agree,Malele_Mixed,Wagai ,Siaya ,Female
Agree,Strongly agree,Strongly agree,Strongly Disagree,Strongly agree,Strongly Disagree,Strongly Disagree,Strongly Disagree,Agree,Strongly agree,Malele_Mixed,Wagai ,Siaya ,Female
Strongly Agree,Agree,Strongly agree,Strongly Disagree,Strongly agree,Strongly Disagree,Strongly Disagree,Disagree,Strongly Agree,Strongly agree,Malele_Mixed,Wagai ,Siaya ,Male
Strongly Agree,Agree,Strongly agree,Strongly Disagree,Strongly agree,Strongly Disagree,Strongly Disagree,Disagree,Strongly Agree,Strongly agree,Malele_Mixed,Wagai ,Siaya ,Male
Agree,Disagree,Strongly disagree,Strongly Agree,Strongly agree,Strongly Disagree,Disagree,Strongly Disagree,Agree,Strongly agree,Malele_Mixed,Wagai ,Siaya ,Male
Agree,Strongly agree,Strongly agree,Disagree,Agree,Disagree,Strongly Disagree,Strongly Disagree,Agree,Agree,Malele_Mixed,Wagai ,Siaya ,Male
Agree,Strongly agree,Strongly agree,Strongly Disagree,Strongly agree,Strongly Disagree,Strongly Disagree,Strongly Disagree,Strongly Agree,Strongly agree,Malele_Mixed,Wagai ,Siaya ,Male
Strongly Agree,Strongly agree,Agree,Strongly Agree,Strongly agree,Strongly Disagree,Strongly Disagree,Strongly Disagree,Agree,Strongly agree,Malele_Mixed,Wagai ,Siaya ,Female
Neutral,Agree,Strongly agree,Disagree,Agree,Disagree,Strongly Disagree,Strongly Disagree,Disagree,Strongly disagree,Malele_Mixed,Wagai ,Siaya ,Male
Agree,Agree,Strongly agree,Strongly Disagree,Strongly agree,Disagree,Strongly Disagree,Strongly Disagree,Disagree,Strongly agree,Malele_Mixed,Wagai ,Siaya ,Male
Neutral,Neutral,Agree,Neutral,Agree,Agree,Strongly Disagree,Disagree,Strongly Agree,Strongly agree,Ojola_Mixed,Wagai ,Siaya ,Female
Strongly Agree,Strongly agree,Strongly agree,Disagree,Strongly agree,Strongly Disagree,Strongly Disagree,Strongly Agree,Strongly Agree,Agree,Malele_Mixed,Wagai ,Siaya ,Male
Strongly Agree,Strongly agree,Strongly agree,Strongly Disagree,Strongly agree,Disagree,Strongly Disagree,Agree,Strongly Agree,Strongly agree,Malele_Mixed,Wagai ,Siaya ,Male
Neutral,Neutral,Strongly agree,Neutral,Neutral,Agree,Strongly Disagree,Strongly Disagree,Agree,Neutral,Ojola_Mixed,Wagai ,Siaya ,Male
Strongly Agree,Strongly agree,Strongly agree,Strongly Disagree,Strongly agree,Agree,Disagree,Strongly Agree,Strongly Agree,Strongly agree,Malele_Mixed,Wagai ,Siaya ,Male
Agree,Strongly agree,Strongly agree,Strongly Disagree,Strongly agree,Strongly Disagree,Strongly Disagree,Agree,Strongly Agree,Strongly agree,Malele_Mixed,Wagai ,Siaya ,Male
Neutral,Agree,Strongly agree,Agree,Strongly agree,Agree,Strongly Disagree,Neutral,Strongly Agree,Strongly agree,Ojola_Mixed,Wagai ,Siaya ,Female
Agree,Agree,Agree,Strongly Disagree,Strongly agree,Disagree,Strongly Disagree,Strongly Disagree,Agree,Disagree,Malele_Mixed,Wagai ,Siaya ,Male
Strongly Agree,Strongly agree,Strongly agree,Strongly Disagree,Strongly agree,Agree,Disagree,Disagree,Agree,Strongly agree,Malele_Mixed,Wagai ,Siaya ,Male
Agree,Agree,Strongly agree,Strongly Disagree,Strongly agree,Agree,Strongly Disagree,Disagree,Strongly Agree,Agree,Malele_Mixed,Wagai ,Siaya ,Male
Strongly Agree,Strongly agree,Strongly agree,Agree,Strongly agree,Strongly Agree,Strongly Disagree,Strongly Disagree,Strongly Agree,Strongly agree,Ojola_Mixed,Wagai ,Siaya ,Female
Disagree,Agree,Strongly agree,Strongly Disagree,Strongly agree,Strongly Disagree,Strongly Disagree,Strongly Disagree,Agree,Agree,Malele_Mixed,Wagai ,Siaya ,Female
Agree,Agree,Strongly agree,Disagree,Strongly agree,Strongly Disagree,Strongly Disagree,Strongly Disagree,Strongly Agree,Strongly disagree,Malele_Mixed,Wagai ,Siaya ,Male
Agree,Agree,Strongly agree,Disagree,Strongly agree,Strongly Disagree,Strongly Disagree,Disagree,Strongly Agree,Strongly agree,Malele_Mixed,Wagai ,Siaya ,Male
Agree,Strongly agree,Strongly agree,Strongly Disagree,Strongly agree,Disagree,Strongly Disagree,Agree,Agree,Strongly agree,Malele_Mixed,Wagai ,Siaya ,Male
Agree,Neutral,Strongly agree,Disagree,Strongly agree,Disagree,Strongly Disagree,Strongly Disagree,Agree,Disagree,Malele_Mixed,Wagai ,Siaya ,Male
Strongly Agree,Strongly agree,Strongly agree,Strongly Disagree,Strongly agree,Disagree,Strongly Disagree,Strongly Disagree,Agree,Agree,Malele_Mixed,Wagai ,Siaya ,Male
Strongly Agree,Strongly agree,Strongly agree,Strongly Disagree,Strongly agree,Disagree,Strongly Disagree,Strongly Disagree,Agree,Agree,Malele_Mixed,Wagai ,Siaya ,Male
Strongly Disagree,Neutral,Agree,Agree,Agree,Strongly Agree,Strongly Disagree,Strongly Disagree,Strongly Agree,Strongly agree,Ojola_Mixed,Wagai ,Siaya ,Female
Neutral,Neutral,Strongly agree,Agree,Strongly agree,Agree,Strongly Agree,Strongly Disagree,Agree,Strongly agree,Ojola_Mixed,Wagai ,Siaya ,Female
Neutral,Neutral,Strongly agree,Strongly Disagree,Strongly agree,Strongly Agree,Strongly Disagree,Strongly Disagree,Strongly Agree,Strongly agree,Ojola_Mixed,Wagai ,Siaya ,Female
Neutral,Agree,Strongly agree,Neutral,Strongly agree,Strongly Agree,Strongly Disagree,Disagree,Strongly Agree,Strongly agree,Ojola_Mixed,Wagai ,Siaya ,Female
Agree,Agree,Agree,Agree,Agree,Strongly Agree,Strongly Agree,Strongly Disagree,Agree,Agree,Ojola_Mixed,Wagai ,Siaya ,Female
Agree,Neutral,Agree,Neutral,Strongly agree,Strongly Agree,Disagree,Disagree,Strongly Agree,Strongly agree,Ojola_Mixed,Wagai ,Siaya ,Female
Agree,Neutral,Strongly agree,Neutral,Agree,Neutral,Strongly Disagree,Disagree,Strongly Agree,Agree,Ojola_Mixed,Wagai ,Siaya ,Female
Neutral,Agree,Strongly agree,Strongly Agree,Agree,Strongly Agree,Strongly Disagree,Strongly Disagree,Strongly Agree,Strongly agree,Ojola_Mixed,Wagai ,Siaya ,Male
Neutral,Neutral,Agree,Neutral,Neutral,Strongly Disagree,Strongly Disagree,Neutral,Strongly Agree,Strongly agree,Ojola_Mixed,Wagai ,Siaya ,Female
Neutral,Neutral,Agree,Neutral,Agree,Strongly Disagree,Strongly Disagree,Neutral,Strongly Agree,Strongly agree,Ojola_Mixed,Wagai ,Siaya ,Female
Neutral,Agree,Strongly agree,Neutral,Neutral,Strongly Agree,Strongly Disagree,Neutral,Strongly Agree,Strongly agree,Ojola_Mixed,Wagai ,Siaya ,Female
Neutral,Disagree,Agree,Disagree,Disagree,Disagree,Strongly Disagree,Strongly Disagree,Strongly Agree,Strongly agree,Ojola_Mixed,Wagai ,Siaya ,Male
Disagree,Disagree,Strongly agree,Neutral,Disagree,Disagree,Strongly Disagree,Disagree,Strongly Agree,Strongly agree,Ojola_Mixed,Wagai ,Siaya ,Female
Disagree,Disagree,Strongly agree,Disagree,Disagree,Strongly Disagree,Strongly Disagree,Strongly Disagree,Agree,Strongly agree,Ojola_Mixed,Wagai ,Siaya ,Female
Neutral,Agree,Strongly agree,Neutral,Strongly agree,Agree,Strongly Disagree,Disagree,Strongly Agree,Strongly agree,Ojola_Mixed,Wagai ,Siaya ,Male
Strongly Agree,Disagree,Strongly agree,Strongly Agree,Strongly agree,Agree,Strongly Disagree,Strongly Disagree,Strongly Disagree,Strongly agree,Ojola_Mixed,Wagai ,Siaya ,Male
Neutral,Agree,Strongly agree,Disagree,Strongly agree,Strongly Disagree,Strongly Disagree,Strongly Disagree,Strongly Agree,Strongly agree,Ojola_Mixed,Wagai ,Siaya ,Female
Neutral,Agree,Disagree,Disagree,Disagree,Strongly Disagree,Strongly Disagree,Strongly Disagree,Agree,Strongly agree,Ojola_Mixed,Wagai ,Siaya ,Female
Strongly Agree,Agree,Strongly agree,Neutral,Strongly agree,Strongly Disagree,Strongly Disagree,Neutral,Strongly Agree,Strongly agree,Ojola_Mixed,Wagai ,Siaya ,Male
Neutral,Disagree,Neutral,Strongly Agree,Strongly agree,Neutral,Strongly Disagree,Strongly Disagree,Agree,Strongly agree,Ojola_Mixed,Wagai ,Siaya ,Female
Neutral,Neutral,Strongly agree,Disagree,Agree,Disagree,Strongly Disagree,Strongly Disagree,Agree,Strongly agree,Ojola_Mixed,Wagai ,Siaya ,Female
Neutral,Neutral,Agree,Disagree,Strongly agree,Strongly Agree,Strongly Disagree,Strongly Disagree,Strongly Agree,Strongly agree,Ojola_Mixed,Wagai ,Siaya ,Female
Agree,Neutral,Agree,Strongly Disagree,Agree,Agree,Agree,Agree,Agree,Agree,Lions_Mixed,Kisumu central ,Kisumu ,Female
Agree,Strongly agree,Strongly agree,Strongly Agree,Agree,Agree,Strongly Agree,Agree,Agree,Agree,Lions_Mixed,Kisumu central ,Kisumu ,Male
Neutral,Disagree,Agree,Agree,Strongly agree,Agree,Agree,Neutral,Neutral,Agree,Lions_Mixed,Kisumu central ,Kisumu ,Female
Agree,Strongly agree,Agree,Neutral,Agree,Neutral,Disagree,Strongly Agree,Neutral,Agree,Lions_Mixed,Kisumu central ,Kisumu ,Male
Strongly Agree,Strongly agree,Agree,Strongly Disagree,Strongly agree,Strongly Agree,Strongly Agree,Strongly Agree,Strongly Agree,Strongly agree,Lions_Mixed,Kisumu central ,Kisumu ,Male
Agree,Agree,Agree,Agree,Strongly agree,Neutral,Strongly Agree,Disagree,Neutral,Neutral,Lions_Mixed,Kisumu central ,Kisumu ,Female
Strongly Agree,Agree,Neutral,Agree,Agree,Agree,Strongly Agree,Strongly Disagree,Neutral,Neutral,Lions_Mixed,Kisumu central ,Kisumu ,Female
Neutral,Agree,Agree,Agree,Neutral,Agree,Agree,Strongly Disagree,Neutral,Neutral,Lions_Mixed,Kisumu central ,Kisumu ,Male
Agree,Neutral,Disagree,Agree,Agree,Disagree,Strongly Disagree,Disagree,Agree,Neutral,Magunga_Mixed,Nyakach,Kisumu,Male
Disagree,Disagree,Neutral,Agree,Neutral,Neutral,Strongly Disagree,Disagree,Agree,Agree,Magunga_Mixed,Nyakach,Kisumu,Male
Strongly Agree,Agree,Strongly agree,Disagree,Strongly agree,Agree,Disagree,Disagree,Agree,Agree,Magunga_Mixed,Nyakach,Kisumu,Female
Agree,Agree,Strongly agree,Disagree,Agree,Agree,Disagree,Neutral,Agree,Neutral,Magunga_Mixed,Nyakach,Kisumu,Male
Agree,Strongly agree,Agree,Disagree,Strongly agree,Strongly Agree,Disagree,Neutral,Agree,Neutral,Magunga_Mixed,Nyakach,Kisumu,Female
Disagree,Disagree,Agree,Agree,Neutral,Agree,Disagree,Agree,Agree,Neutral,Magunga_Mixed,Nyakach,Kisumu,Female
Agree,Agree,Strongly agree,Disagree,Strongly agree,Agree,Disagree,Agree,Agree,Agree,Magunga_Mixed,Nyakach,Kisumu,Female
Strongly Agree,Strongly agree,Agree,Strongly Disagree,Strongly disagree,Strongly Agree,Agree,Agree,Strongly Disagree,Strongly agree,Lions_Mixed,Kisumu central ,Kisumu,Male
Agree,Neutral,Agree,Disagree,Strongly agree,Agree,Agree,Strongly Agree,Strongly Agree,Strongly agree,Lions_Mixed,Kisumu central ,Kisumu,Female
Neutral,Agree,Disagree,Neutral,Neutral,Agree,Agree,Neutral,Agree,Agree,Lions_Mixed,Kisumu central ,Kisumu,Female
Strongly Agree,Strongly agree,Strongly agree,Strongly Disagree,Strongly agree,Strongly Agree,Strongly Agree,Strongly Disagree,Strongly Disagree,Strongly agree,Lions_Mixed,Kisumu central ,Kisumu,Male
Strongly Agree,Agree,Agree,Strongly Agree,Strongly agree,Strongly Agree,Strongly Agree,Strongly Disagree,Strongly Disagree,Neutral,Lions_Mixed,Kisumu central ,Kisumu,Male
Agree,Strongly agree,Agree,Strongly Disagree,Neutral,Neutral,Agree,Agree,Strongly Agree,Strongly disagree,Lions_Mixed,Kisumu central ,Kisumu,Female
Strongly Agree,Agree,Strongly agree,Strongly Disagree,Strongly agree,Agree,Neutral,Agree,Agree,Agree,Lions_Mixed,Kisumu central ,Kisumu,Male
Neutral,Neutral,Neutral,Agree,Neutral,Neutral,Neutral,Neutral,Neutral,Neutral,Lions_Mixed,Kisumu central ,Kisumu,Female
Strongly Agree,Agree,Agree,Disagree,Strongly agree,Strongly Agree,Strongly Agree,Strongly Agree,Strongly Agree,Strongly disagree,Lions_Mixed,Kisumu central ,Kisumu,Male
Neutral,Agree,Strongly agree,Strongly Disagree,Strongly agree,Strongly Agree,Strongly Agree,Strongly Disagree,Strongly Disagree,Agree,Lions_Mixed,Kisumu central ,Kisumu,Female
Strongly Agree,Agree,Strongly agree,Strongly Disagree,Strongly agree,Agree,Strongly Agree,Agree,Agree,Strongly agree,Lions_Mixed,KISUMU CENTAL,Kisumu,Male
Strongly Agree,Agree,Agree,Strongly Disagree,Agree,Strongly Agree,Strongly Agree,Strongly Agree,Agree,Strongly agree,Lions_Mixed,Kisumu central ,Kisumu,Male
Agree,Neutral,Neutral,Disagree,Agree,Agree,Agree,Agree,Agree,Neutral,Lions_Mixed,Kisumu central ,Kisumu,Female
Disagree,Neutral,Disagree,Neutral,Neutral,Agree,Agree,Neutral,Neutral,Neutral,Lions_Mixed,Kisumu central ,Kisumu,Female
Strongly Agree,Strongly agree,Strongly agree,Strongly Disagree,Strongly disagree,Strongly Agree,Strongly Agree,Strongly Agree,Strongly Agree,Strongly agree,Lions_Mixed,Kisumu central ,Kisumu,Male
Agree,Agree,Neutral,Neutral,Agree,Strongly Agree,Neutral,Agree,Agree,Neutral,Lions_Mixed,Kisumu central ,Kisumu,Female
Strongly Agree,Strongly agree,Strongly agree,Strongly Disagree,Strongly agree,Strongly Agree,Strongly Agree,Strongly Disagree,Strongly Agree,Strongly agree,Lions_Mixed,Kisumu central ,Kisumu,Male
Strongly Agree,Strongly agree,Strongly agree,Strongly Disagree,Strongly agree,Agree,Neutral,Neutral,Strongly Agree,Strongly agree,Lions_Mixed,Kisumu central ,Kisumu,Male
Strongly Agree,Agree,Strongly agree,Strongly Disagree,Strongly agree,Strongly Agree,Strongly Agree,Strongly Agree,Strongly Agree,Strongly agree,Lions_Mixed,Kisumu central ,Kisumu,Male
Agree,Neutral,Disagree,Neutral,Neutral,Neutral,Agree,Neutral,Neutral,Agree,Lions_Mixed,Kisumu central ,Kisumu,Male
Neutral,Neutral,Agree,Disagree,Agree,Agree,Neutral,Neutral,Agree,Strongly agree,Lions_Mixed,Kisumu central ,Kisumu,Male
Neutral,Agree,Agree,Agree,Strongly agree,Agree,Strongly Disagree,Strongly Disagree,Agree,Strongly agree,Nduru_Mixed,Alego_Usonga,Siaya ,Female
Agree,Neutral,Agree,Agree,Agree,Disagree,Disagree,Disagree,Agree,Strongly agree,Nduru_Mixed,Alego_Usonga,Siaya ,Male
Neutral,Agree,Agree,Neutral,Strongly agree,Agree,Strongly Disagree,Disagree,Strongly Agree,Strongly agree,Nduru_Mixed,Alego_Usonga,Siaya ,Female
Agree,Neutral,Strongly agree,Neutral,Agree,Neutral,Disagree,Strongly Disagree,Agree,Agree,Nduru_Mixed,Alego_Usonga,Siaya ,Female
Agree,Neutral,Disagree,Strongly Agree,Agree,Strongly Disagree,Disagree,Strongly Disagree,Agree,Neutral,Nduru_Mixed,Alego_Usonga,Siaya ,Female
Agree,Agree,Strongly agree,Agree,Strongly agree,Neutral,Strongly Disagree,Strongly Disagree,Neutral,Neutral,Nduru_Mixed,Alego_Usonga,Siaya ,Female
Neutral,Neutral,Strongly agree,Agree,Neutral,Strongly Disagree,Strongly Disagree,Disagree,Agree,Strongly agree,Nduru_Mixed,Alego_Usonga,Siaya ,Female
Disagree,Disagree,Agree,Neutral,Neutral,Disagree,Strongly Disagree,Disagree,Agree,Strongly agree,Nduru_Mixed,Alego_Usonga,Siaya ,Female
Agree,Neutral,Strongly agree,Neutral,Agree,Disagree,Strongly Disagree,Disagree,Agree,Agree,Nduru_Mixed,Alego_Usonga,Siaya ,Female
Strongly Agree,Agree,Agree,Neutral,Strongly agree,Strongly Agree,Strongly Disagree,Strongly Disagree,Strongly Agree,Strongly agree,Nduru_Mixed,Alego_Usonga,Siaya ,Male
Neutral,Agree,Strongly agree,Disagree,Strongly agree,Strongly Disagree,Strongly Disagree,Agree,Strongly Agree,Agree,Nduru_Mixed,Alego_Usonga,Siaya ,Female
Strongly Agree,Agree,Strongly agree,Disagree,Agree,Disagree,Strongly Disagree,Strongly Disagree,Strongly Agree,Agree,Nduru_Mixed,Alego_Usonga,Siaya ,Male
Neutral,Disagree,Agree,Agree,Strongly agree,Strongly Agree,Strongly Disagree,Strongly Disagree,Agree,Strongly disagree,Nduru_Mixed,Alego_Usonga,Siaya ,Female
Neutral,Disagree,Strongly agree,Agree,Neutral,Strongly Agree,Strongly Disagree,Strongly Disagree,Neutral,Agree,Nduru_Mixed,Alego_Usonga,Siaya ,Female
Neutral,Disagree,Agree,Strongly Agree,Neutral,Strongly Disagree,Strongly Disagree,Disagree,Strongly Agree,Strongly agree,Nduru_Mixed,Alego_Usonga,Siaya ,Female
Disagree,Neutral,Agree,Agree,Neutral,Disagree,Strongly Disagree,Strongly Disagree,Strongly Agree,Agree,Nduru_Mixed,Alego_Usonga,Siaya ,Female
Disagree,Agree,Agree,Neutral,Neutral,Disagree,Disagree,Disagree,Agree,Agree,Nduru_Mixed,Alego_Usonga,Siaya ,Female
Neutral,Disagree,Strongly agree,Neutral,Strongly agree,Strongly Disagree,Strongly Disagree,Strongly Disagree,Strongly Agree,Neutral,Nduru_Mixed,Alego_Usonga,Siaya ,Female
Agree,Agree,Strongly agree,Strongly Disagree,Strongly agree,Neutral,Strongly Disagree,Strongly Disagree,Neutral,Agree,Nduru_Mixed,Alego_Usonga,Siaya ,Female
Agree,Agree,Strongly agree,Strongly Disagree,Strongly agree,Strongly Disagree,Strongly Disagree,Agree,Strongly Agree,Disagree,Nduru_Mixed,Alego_Usonga,Siaya ,Female
Neutral,Strongly disagree,Strongly agree,Neutral,Agree,Disagree,Strongly Disagree,Disagree,Strongly Agree,Strongly agree,Nduru_Mixed,Alego_Usonga,Siaya ,Female
Agree,Strongly agree,Agree,Agree,Strongly agree,Neutral,Strongly Disagree,Disagree,Agree,Strongly agree,Nduru_Mixed,Alego_Usonga,Siaya ,Female
Agree,Neutral,Strongly agree,Disagree,Strongly agree,Neutral,Disagree,Disagree,Strongly Agree,Agree,Nduru_Mixed,Alego_Usonga,Siaya ,Male
Agree,Agree,Strongly agree,Disagree,Strongly agree,Strongly Disagree,Strongly Disagree,Disagree,Agree,Strongly agree,Nduru_Mixed,Alego_Usonga,Siaya ,Male
Neutral,Agree,Strongly agree,Neutral,Agree,Disagree,Strongly Disagree,Strongly Disagree,Agree,Strongly agree,Nduru_Mixed,Alego_Usonga,Siaya ,Female
Neutral,Agree,Strongly agree,Strongly Disagree,Strongly agree,Strongly Disagree,Disagree,Strongly Disagree,Agree,Strongly agree,Nduru_Mixed,Alego_Usonga,Siaya ,Female
Neutral,Agree,Strongly agree,Agree,Agree,Disagree,Strongly Disagree,Strongly Disagree,Agree,Neutral,Nduru_Mixed,Alego_Usonga,Siaya ,Female
Neutral,Neutral,Strongly agree,Neutral,Neutral,Strongly Disagree,Strongly Disagree,Strongly Disagree,Neutral,Strongly disagree,Nduru_Mixed,Alego_Usonga,Siaya ,Female
Agree,Agree,Strongly agree,Disagree,Agree,Strongly Agree,Strongly Disagree,Agree,Agree,Neutral,Nduru_Mixed,Alego_Usonga,Siaya ,Female
Neutral,Neutral,Strongly agree,Neutral,Agree,Strongly Disagree,Strongly Disagree,Strongly Disagree,Agree,Agree,Nduru_Mixed,Alego_Usonga,Siaya ,Male
Strongly Agree,Strongly agree,Agree,Strongly Agree,Strongly agree,Neutral,Strongly Disagree,Strongly Disagree,Agree,Neutral,Nduru_Mixed,Alego_Usonga,Siaya ,Male
Neutral,Disagree,Strongly agree,Neutral,Agree,Neutral,Disagree,Agree,Agree,Agree,Nduru_Mixed,Alego_Usonga,Siaya ,Female
Neutral,Agree,Strongly agree,Disagree,Strongly agree,Agree,Strongly Disagree,Disagree,Agree,Strongly agree,Nduru_Mixed,Alego_Usonga,Siaya ,Male
Neutral,Disagree,Agree,Neutral,Agree,Disagree,Strongly Disagree,Disagree,Agree,Agree,Nduru_Mixed,Alego_Usonga,Siaya ,Female
Neutral,Strongly disagree,Agree,Strongly Disagree,Strongly agree,Strongly Disagree,Strongly Disagree,Strongly Disagree,Agree,Agree,Nduru_Mixed,Alego_Usonga,Siaya ,Female
Neutral,Disagree,Agree,Agree,Strongly agree,Strongly Disagree,Strongly Disagree,Strongly Disagree,Strongly Agree,Agree,Nduru_Mixed,Alego_Usonga,Siaya ,Female
Neutral,Agree,Strongly agree,Disagree,Strongly agree,Strongly Disagree,Strongly Disagree,Disagree,Strongly Agree,Agree,Nduru_Mixed,Alego_Usonga,Siaya ,Male
Neutral,Strongly agree,Neutral,Disagree,Agree,Neutral,Strongly Agree,Strongly Disagree,Neutral,Disagree,Nduru_Mixed,Alego_Usonga,Siaya ,Female
Neutral,Neutral,Neutral,Neutral,Neutral,Neutral,Neutral,Neutral,Neutral,Neutral,Nduru_Mixed,Alego_Usonga,Siaya ,Male
Strongly Agree,Strongly agree,Strongly agree,Neutral,Strongly agree,Agree,Disagree,Strongly Agree,Agree,Strongly agree,Nduru_Mixed,Alego_Usonga,Siaya ,Male
Strongly Disagree,Neutral,Agree,Strongly Disagree,Strongly agree,Agree,Agree,Disagree,Strongly Agree,Strongly agree,Nduru_Mixed,Alego_Usonga,Siaya ,Female
Strongly Agree,Strongly agree,Strongly agree,Strongly Agree,Strongly agree,Agree,Strongly Agree,Strongly Agree,Disagree,Neutral,Nduru_Mixed,Alego_Usonga,Siaya ,Female
Neutral,Neutral,Strongly agree,Agree,Agree,Strongly Agree,Strongly Disagree,Agree,Strongly Agree,Agree,Nduru_Mixed,Alego_Usonga,Siaya ,Female
Strongly Agree,Agree,Neutral,Disagree,Strongly disagree,Strongly Disagree,Disagree,Neutral,Agree,Strongly agree,Nduru_Mixed,Alego_Usonga,Siaya ,Male
Neutral,Disagree,Strongly agree,Strongly Agree,Agree,Strongly Agree,Strongly Disagree,Strongly Agree,Agree,Agree,Nduru_Mixed,Alego_Usonga,Siaya ,Female
Agree,Neutral,Agree,Neutral,Strongly agree,Strongly Disagree,Strongly Disagree,Disagree,Neutral,Agree,Nduru_Mixed,Alego_Usonga,Siaya ,Male
Neutral,Disagree,Strongly agree,Strongly Disagree,Agree,Neutral,Disagree,Disagree,Agree,Strongly agree,Nduru_Mixed,Alego_Usonga,Siaya ,Male
Neutral,Disagree,Strongly agree,Neutral,Agree,Neutral,Disagree,Agree,Disagree,Agree,Nduru_Mixed,Alego_Usonga,Siaya ,Male
Neutral,Disagree,Strongly agree,Disagree,Agree,Disagree,Disagree,Neutral,Agree,Agree,Nduru_Mixed,Alego_Usonga,Siaya ,Female
Neutral,Neutral,Strongly agree,Strongly Disagree,Strongly agree,Strongly Disagree,Strongly Disagree,Strongly Disagree,Neutral,Strongly agree,Nduru_Mixed,Alego_Usonga,Siaya ,Female
Disagree,Neutral,Neutral,Disagree,Neutral,Disagree,Strongly Disagree,Strongly Disagree,Neutral,Agree,Nduru_Mixed,Alego_Usonga,Siaya ,Female
Neutral,Neutral,Agree,Disagree,Agree,Disagree,Strongly Disagree,Disagree,Neutral,Agree,Nduru_Mixed,Alego_Usonga,Siaya ,Male
Strongly Agree,Strongly agree,Strongly agree,Strongly Disagree,Strongly agree,Agree,Disagree,Agree,Agree,Strongly agree,Nduru_Mixed,Alego_Usonga,Siaya ,Male
Disagree,Agree,Strongly agree,Neutral,Agree,Disagree,Strongly Disagree,Neutral,Strongly Agree,Agree,Nduru_Mixed,Alego_Usonga,Siaya ,Female
Agree,Agree,Agree,Disagree,Strongly agree,Disagree,Disagree,Neutral,Agree,Strongly agree,Nduru_Mixed,Alego_Usonga,Siaya ,Male
Neutral,Disagree,Agree,Neutral,Agree,Disagree,Disagree,Strongly Disagree,Strongly Agree,Agree,Nduru_Mixed,Alego_Usonga,Siaya ,Female
Agree,Neutral,Strongly agree,Neutral,Neutral,Neutral,Strongly Disagree,Strongly Disagree,Neutral,Disagree,Nduru_Mixed,Alego_Usonga,Siaya ,Female
Neutral,Neutral,Strongly agree,Agree,Agree,Disagree,Strongly Disagree,Neutral,Agree,Strongly agree,Nduru_Mixed,Alego_Usonga,Siaya ,Female
Neutral,Neutral,Strongly agree,Neutral,Agree,Strongly Disagree,Strongly Disagree,Neutral,Neutral,Strongly agree,Nduru_Mixed,Alego_Usonga,Siaya ,Female
Agree,Neutral,Strongly agree,Disagree,Strongly agree,Disagree,Strongly Disagree,Neutral,Agree,Strongly agree,Nduru_Mixed,Alego_Usonga,Siaya ,Female
Neutral,Neutral,Strongly agree,Neutral,Strongly agree,Strongly Agree,Disagree,Agree,Agree,Agree,Nduru_Mixed,Alego_Usonga,Siaya ,Female
Neutral,Neutral,Strongly agree,Neutral,Agree,Disagree,Strongly Disagree,Disagree,Agree,Agree,Nduru_Mixed,Alego_Usonga,Siaya ,Female
Neutral,Agree,Strongly agree,Neutral,Neutral,Agree,Strongly Disagree,Neutral,Strongly Agree,Agree,Nduru_Mixed,Alego_Usonga,Siaya ,Female
Neutral,Disagree,Strongly agree,Agree,Strongly agree,Strongly Agree,Strongly Disagree,Disagree,Agree,Agree,Nduru_Mixed,Alego_Usonga,Siaya ,Female
Disagree,Disagree,Agree,Neutral,Agree,Agree,Strongly Disagree,Disagree,Agree,Agree,Nduru_Mixed,Alego_Usonga,Siaya ,Female
Neutral,Neutral,Strongly agree,Neutral,Neutral,Strongly Agree,Strongly Disagree,Neutral,Strongly Agree,Agree,Nduru_Mixed,Alego_Usonga,Siaya ,Female
Neutral,Neutral,Strongly agree,Neutral,Strongly agree,Disagree,Disagree,Neutral,Strongly Agree,Strongly agree,Nduru_Mixed,Alego_Usonga,Siaya ,Female
Neutral,Disagree,Strongly agree,Neutral,Agree,Disagree,Strongly Disagree,Neutral,Agree,Strongly agree,Nduru_Mixed,Alego_Usonga,Siaya ,Female
Disagree,Neutral,Strongly agree,Neutral,Strongly disagree,Agree,Strongly Disagree,Strongly Agree,Strongly Agree,Agree,Nduru_Mixed,Alego_Usonga,Siaya ,Male
Neutral,Neutral,Strongly agree,Neutral,Agree,Strongly Agree,Strongly Disagree,Agree,Agree,Agree,Nduru_Mixed,Alego_Usonga,Siaya ,Female
Neutral,Strongly disagree,Strongly agree,Neutral,Strongly agree,Strongly Agree,Strongly Disagree,Strongly Disagree,Agree,Agree,Nduru_Mixed,Alego_Usonga,Siaya ,Female
Neutral,Disagree,Agree,Neutral,Strongly agree,Disagree,Strongly Disagree,Strongly Disagree,Strongly Agree,Agree,Nduru_Mixed,Alego_Usonga,Siaya ,Male
Neutral,Disagree,Agree,Neutral,Strongly agree,Disagree,Strongly Disagree,Strongly Disagree,Agree,Agree,Nduru_Mixed,Alego_Usonga,Siaya ,Male
Neutral,Disagree,Strongly agree,Disagree,Agree,Strongly Disagree,Strongly Disagree,Disagree,Agree,Neutral,Nduru_Mixed,Alego_Usonga,Siaya ,Female
Agree,Neutral,Strongly agree,Neutral,Strongly agree,Strongly Disagree,Strongly Disagree,Strongly Agree,Strongly Agree,Strongly agree,Nduru_Mixed,Alego_Usonga,Siaya ,Female
Strongly Disagree,Disagree,Neutral,Agree,Strongly agree,Strongly Agree,Neutral,Agree,Neutral,Agree,Nduru_Mixed,Alego_Usonga,Siaya ,Male
Agree,Agree,Strongly agree,Neutral,Strongly agree,Agree,Neutral,Neutral,Agree,Agree,Nduru_Mixed,Alego_Usonga,Siaya ,Male
Neutral,Agree,Agree,Neutral,Agree,Disagree,Disagree,Neutral,Agree,Agree,Nduru_Mixed,Alego_Usonga,Siaya ,Male
Strongly Agree,Agree,Agree,Strongly Disagree,Strongly agree,Agree,Disagree,Disagree,Agree,Agree,Nduru_Mixed,Alego_Usonga,Siaya ,Male
Disagree,Disagree,Agree,Neutral,Strongly agree,Disagree,Strongly Disagree,Strongly Disagree,Agree,Agree,Nduru_Mixed,Alego_Usonga,Siaya ,Male
Agree,Strongly disagree,Strongly agree,Agree,Strongly agree,Strongly Disagree,Strongly Disagree,Strongly Agree,Agree,Strongly disagree,Nduru_Mixed,Alego_Usonga,Siaya ,Female
Neutral,Agree,Strongly agree,Disagree,Agree,Neutral,Disagree,Agree,Disagree,Strongly agree,Nduru_Mixed,Alego_Usonga,Siaya ,Male
Neutral,Disagree,Strongly agree,Strongly Disagree,Strongly agree,Strongly Disagree,Strongly Disagree,Strongly Disagree,Strongly Agree,Strongly agree,Nduru_Mixed,Alego_Usonga,Siaya ,Female
Neutral,Disagree,Agree,Agree,Neutral,Agree,Strongly Disagree,Agree,Strongly Disagree,Strongly agree,Nduru_Mixed,Alego_Usonga,Siaya ,Male
Disagree,Neutral,Strongly disagree,Neutral,Disagree,Disagree,Strongly Disagree,Neutral,Strongly Disagree,Strongly agree,Nduru_Mixed,Alego_Usonga,Siaya ,Male
Neutral,Disagree,Agree,Disagree,Strongly agree,Neutral,Strongly Disagree,Strongly Disagree,Neutral,Agree,Nduru_Mixed,Alego_Usonga,Siaya ,Female
Neutral,Neutral,Strongly agree,Neutral,Agree,Strongly Disagree,Strongly Disagree,Neutral,Neutral,Strongly agree,Nduru_Mixed,Alego_Usonga,Siaya ,Female
Agree,Neutral,Strongly agree,Disagree,Strongly agree,Disagree,Strongly Disagree,Neutral,Agree,Strongly agree,Nduru_Mixed,Alego_Usonga,Siaya ,Female
Neutral,Neutral,Strongly agree,Neutral,Strongly agree,Strongly Agree,Disagree,Agree,Agree,Agree,Nduru_Mixed,Alego_Usonga,Siaya ,Female
Neutral,Agree,Strongly agree,Neutral,Neutral,Agree,Strongly Disagree,Neutral,Strongly Agree,Agree,Nduru_Mixed,Alego_Usonga,Siaya ,Female
Neutral,Neutral,Strongly agree,Neutral,Neutral,Strongly Agree,Strongly Disagree,Neutral,Strongly Agree,Agree,Nduru_Mixed,Alego_Usonga,Siaya ,Female
Disagree,Neutral,Strongly agree,Neutral,Strongly disagree,Agree,Strongly Disagree,Strongly Agree,Strongly Agree,Agree,Nduru_Mixed,Alego_Usonga,Siaya ,Male
Neutral,Neutral,Strongly agree,Neutral,Agree,Strongly Agree,Strongly Disagree,Agree,Agree,Agree,Nduru_Mixed,Alego_Usonga,Siaya ,Female
Neutral,Strongly disagree,Strongly agree,Neutral,Strongly agree,Strongly Agree,Strongly Disagree,Strongly Disagree,Agree,Agree,Nduru_Mixed,Alego_Usonga,Siaya ,Female
Neutral,Disagree,Agree,Neutral,Strongly agree,Disagree,Strongly Disagree,Strongly Disagree,Strongly Agree,Agree,Nduru_Mixed,Alego_Usonga,Siaya ,Male
Neutral,Disagree,Agree,Neutral,Strongly agree,Disagree,Strongly Disagree,Strongly Disagree,Agree,Agree,Nduru_Mixed,Alego_Usonga,Siaya ,Male
Neutral,Disagree,Strongly agree,Disagree,Agree,Strongly Disagree,Strongly Disagree,Disagree,Agree,Neutral,Nduru_Mixed,Alego_Usonga,Siaya ,Female
Agree,Neutral,Strongly agree,Neutral,Strongly agree,Strongly Disagree,Strongly Disagree,Strongly Agree,Strongly Agree,Strongly agree,Nduru_Mixed,Alego_Usonga,Siaya ,Female
Strongly Disagree,Disagree,Neutral,Agree,Strongly agree,Neutral,Agree,Strongly Agree,Neutral,Agree,Nduru_Mixed,Alego_Usonga,Siaya ,Male
Neutral,Agree,Agree,Neutral,Agree,Disagree,Disagree,Neutral,Agree,Strongly agree,Nduru_Mixed,Alego_Usonga,Siaya ,Male
Disagree,Disagree,Agree,Neutral,Strongly agree,Disagree,Strongly Disagree,Strongly Disagree,Agree,Agree,Nduru_Mixed,Alego_Usonga,Siaya ,Male
Neutral,Disagree,Strongly agree,Strongly Disagree,Strongly agree,Strongly Disagree,Strongly Disagree,Strongly Disagree,Strongly Agree,Strongly agree,Nduru_Mixed,Alego_Usonga,Siaya ,Female
Neutral,Neutral,Agree,Disagree,Strongly agree,Neutral,Strongly Disagree,Neutral,Agree,Agree,Nduru_Mixed,Alego_Usonga,Siaya ,Female
Neutral,Disagree,Strongly disagree,Disagree,Neutral,Disagree,Disagree,Disagree,Strongly Disagree,Strongly disagree,Nduru_Mixed,Alego_Usonga,Siaya ,Female
Neutral,Strongly agree,Neutral,Disagree,Strongly agree,Strongly Disagree,Strongly Disagree,Strongly Disagree,Agree,Agree,Nduru_Mixed,Alego_Usonga,Siaya ,Male
Strongly Agree,Strongly disagree,Agree,Neutral,Agree,Disagree,Strongly Disagree,Strongly Disagree,Agree,Disagree,Nduru_Mixed,Alego_Usonga,Siaya ,Male
Agree,Disagree,Strongly agree,Neutral,Strongly disagree,Neutral,Strongly Disagree,Disagree,Strongly Agree,Agree,Nduru_Mixed,Alego_Usonga,Siaya ,Female
Neutral,Disagree,,Strongly Disagree,Agree,Disagree,Strongly Disagree,Disagree,Agree,Strongly agree,Nduru_Mixed,Alego_Usonga,Siaya ,Male
Agree,Disagree,Strongly agree,Strongly Disagree,Strongly agree,Neutral,Strongly Disagree,Disagree,Strongly Agree,Strongly agree,Nduru_Mixed,Alego_Usonga,Siaya ,Female
Disagree,Neutral,Strongly disagree,Disagree,Strongly disagree,Disagree,Agree,Strongly Disagree,Strongly Disagree,Strongly disagree,Nduru_Mixed,Alego_Usonga,Siaya ,Female
Agree,Neutral,Strongly agree,Neutral,Strongly agree,Disagree,Strongly Disagree,Strongly Disagree,Agree,Neutral,Nduru_Mixed,Alego_Usonga,Siaya ,Male
Neutral,Neutral,Strongly agree,Disagree,Agree,Agree,Disagree,Disagree,Agree,Neutral,Nduru_Mixed,Alego_Usonga,Siaya ,Female
Neutral,Neutral,Strongly agree,Disagree,Agree,Disagree,Strongly Disagree,Strongly Disagree,Agree,Neutral,Nduru_Mixed,Alego_Usonga,Siaya ,Female
